# do compile_axi_full.tcl
# ** Warning: (vlib-34) Library already exists at "uvm".
# Errors: 0, Warnings: 1
# QuestaSim vmap 2024.3 Lib Mapping Utility 2024.09 Sep 10 2024
# vmap uvm uvm 
# Modifying modelsim.ini
# /home/users/i77031/Work/AXI_full/axi
# /home/users/i77031/Work/AXI_full/common_cells
# /home/users/i77031/Work/AXI_full/uvm
# /home/users/i77031/Work/AXI_full/tb
# /home/users/i77031/Work/AXI_full/filelists/common_cells.f
# /home/users/i77031/Work/AXI_full/filelists/axi_levels.f
# axi_full_uvm_tb_top
# /home/users/i77031/Work/AXI_full/tb/axi_full_uvm_tb_top.sv
# +incdir+/home/users/i77031/Work/AXI_full/axi/include +incdir+/home/users/i77031/Work/AXI_full/common_cells/include/common_cells/include +incdir+/home/users/i77031/Work/AXI_full/common_cells/include +incdir+/home/users/i77031/Work/AXI_full/common_cells/src +incdir+/home/users/i77031/Work/AXI_full/uvm +incdir+/home/users/i77031/Work/AXI_full/tb
# ** Warning: (vdel-134) Unable to remove locked optimized design "_opt".  Locker is i77031@idc-cad-svr77.
# ** Warning: (vlib-34) Library already exists at "work".
# Errors: 0, Warnings: 1
# QuestaSim vmap 2024.3 Lib Mapping Utility 2024.09 Sep 10 2024
# vmap work work 
# Modifying modelsim.ini
# QuestaSim vlog 2024.3 Compiler 2024.09 Sep 10 2024
# Start time: 22:22:16 on Jan 28,2026
# vlog -sv -work work -suppress 1346 -lint -timescale 1ns/1ps "+incdir+/home/users/i77031/Work/AXI_full/axi/include +incdir+/home/users/i77031/Work/AXI_full/common_cells/include/common_cells/include +incdir+/home/users/i77031/Work/AXI_full/common_cells/include +incdir+/home/users/i77031/Work/AXI_full/common_cells/src +incdir+/home/users/i77031/Work/AXI_full/uvm +incdir+/home/users/i77031/Work/AXI_full/tb" -f /home/users/i77031/Work/AXI_full/filelists/common_cells.f 
# -- Compiling package cf_math_pkg
# -- Compiling package ecc_pkg
# -- Compiling package cb_filter_pkg
# -- Compiling package cdc_reset_ctrlr_pkg
# -- Compiling module binary_to_gray
# -- Compiling module gray_to_binary
# -- Compiling module onehot_to_bin
# -- Compiling module popcount
# -- Compiling module lzc
# -- Importing package cf_math_pkg
# -- Compiling module counter
# -- Compiling module delta_counter
# -- Compiling module max_counter
# -- Compiling module rstgen
# -- Compiling module rstgen_bypass
# -- Compiling module ecc_encode
# -- Importing package ecc_pkg
# -- Compiling module ecc_decode
# -- Compiling module cc_onehot
# -- Compiling module edge_detect
# -- Compiling module edge_propagator
# -- Compiling module edge_propagator_ack
# -- Compiling module edge_propagator_tx
# -- Compiling module edge_propagator_rx
# -- Compiling module exp_backoff
# -- Compiling module fall_through_register
# -- Compiling module id_queue
# ** Warning: /home/users/i77031/Work/AXI_adv/common_cells/src/id_queue.sv(193): (vlog-2623) Undefined variable: empty.
# -- Compiling module mv_filter
# -- Compiling module plru_tree
# -- Compiling module serial_deglitch
# -- Compiling module unread
# -- Compiling module lfsr
# -- Compiling module lfsr_8bit
# -- Compiling module lfsr_16bit
# -- Compiling module sub_per_hash
# -- Compiling module clk_div
# -- Compiling module addr_decode
# -- Compiling module addr_decode_napot
# -- Compiling module addr_decode_dync
# -- Compiling module multiaddr_decode
# -- Compiling module fifo_v3
# -- Compiling interface STREAM_DV
# ** Warning: (vlog-13361) /home/users/i77031/Work/AXI_adv/common_cells/src/stream_intf.sv(46): No trigger event inferred in disable expression.
# ** Warning: (vlog-13361) /home/users/i77031/Work/AXI_adv/common_cells/src/stream_intf.sv(47): No trigger event inferred in disable expression.
# -- Compiling module spill_register_flushable
# -- Compiling module spill_register
# -- Compiling module stream_register
# -- Compiling module stream_fifo
# -- Compiling module passthrough_stream_fifo
# -- Compiling module stream_delay
# -- Compiling module stream_filter
# -- Compiling module stream_fork
# -- Compiling module stream_fork_dynamic
# -- Compiling module stream_join_dynamic
# -- Compiling module stream_join
# -- Compiling module stream_mux
# -- Compiling module stream_demux
# -- Compiling module stream_arbiter
# -- Compiling module stream_arbiter_flushable
# -- Compiling module stream_xbar
# -- Compiling module stream_omega_net
# -- Compiling module stream_to_mem
# -- Compiling module isochronous_4phase_handshake
# -- Compiling module sync
# -- Compiling module sync_wedge
# -- Compiling module cdc_2phase
# -- Compiling module cdc_2phase_src
# -- Compiling module cdc_2phase_dst
# -- Compiling module cdc_2phase_clearable
# -- Compiling module cdc_2phase_src_clearable
# -- Compiling module cdc_2phase_dst_clearable
# -- Compiling module cdc_fifo_2phase
# -- Compiling module cdc_fifo_gray
# -- Compiling module cdc_fifo_gray_src
# -- Compiling module cdc_fifo_gray_dst
# -- Compiling module cdc_fifo_gray_clearable
# -- Compiling module cdc_fifo_gray_src_clearable
# -- Compiling module cdc_fifo_gray_dst_clearable
# -- Compiling module cdc_reset_ctrlr
# -- Importing package cdc_reset_ctrlr_pkg
# -- Compiling module cdc_reset_ctrlr_half
# 
# Top level modules:
# 	popcount
# 	max_counter
# 	rstgen
# 	ecc_encode
# 	ecc_decode
# 	cc_onehot
# 	edge_detect
# 	edge_propagator
# 	edge_propagator_tx
# 	edge_propagator_rx
# 	exp_backoff
# 	fall_through_register
# 	id_queue
# 	mv_filter
# 	plru_tree
# 	serial_deglitch
# 	unread
# 	lfsr
# 	lfsr_8bit
# 	sub_per_hash
# 	clk_div
# 	addr_decode
# 	addr_decode_napot
# 	multiaddr_decode
# 	stream_register
# 	passthrough_stream_fifo
# 	stream_delay
# 	stream_filter
# 	stream_fork_dynamic
# 	stream_join
# 	stream_mux
# 	stream_arbiter
# 	stream_omega_net
# 	stream_to_mem
# 	isochronous_4phase_handshake
# 	cdc_2phase_clearable
# 	cdc_fifo_2phase
# 	cdc_fifo_gray
# 	cdc_fifo_gray_clearable
# End time: 22:22:16 on Jan 28,2026, Elapsed time: 0:00:00
# Errors: 0, Warnings: 3
# QuestaSim vlog 2024.3 Compiler 2024.09 Sep 10 2024
# Start time: 22:22:16 on Jan 28,2026
# vlog -sv -work work -suppress 1346 -lint -timescale 1ns/1ps "+incdir+/home/users/i77031/Work/AXI_full/axi/include +incdir+/home/users/i77031/Work/AXI_full/common_cells/include/common_cells/include +incdir+/home/users/i77031/Work/AXI_full/common_cells/include +incdir+/home/users/i77031/Work/AXI_full/common_cells/src +incdir+/home/users/i77031/Work/AXI_full/uvm +incdir+/home/users/i77031/Work/AXI_full/tb" -f /home/users/i77031/Work/AXI_full/filelists/axi_levels.f 
# -- Compiling package axi_pkg
# -- Compiling interface AXI_BUS
# -- Importing package axi_pkg
# -- Compiling interface AXI_BUS_DV
# -- Compiling interface AXI_BUS_ASYNC
# -- Compiling interface AXI_BUS_ASYNC_GRAY
# -- Compiling interface AXI_LITE
# -- Compiling interface AXI_LITE_DV
# -- Compiling interface AXI_LITE_ASYNC_GRAY
# -- Compiling module axi_atop_filter
# -- Compiling module axi_atop_filter_intf
# -- Compiling module axi_burst_splitter
# -- Compiling module axi_cdc_dst
# -- Compiling module axi_cdc_dst_intf
# -- Compiling module axi_lite_cdc_dst_intf
# -- Compiling module axi_cdc_src
# -- Compiling module axi_cdc_src_intf
# -- Compiling module axi_lite_cdc_src_intf
# -- Compiling module axi_cut
# -- Compiling module axi_cut_intf
# -- Compiling module axi_lite_cut_intf
# -- Compiling module axi_delayer
# -- Compiling module axi_delayer_intf
# -- Compiling module axi_demux
# -- Compiling module axi_demux_intf
# -- Compiling module axi_dw_downsizer
# -- Importing package cf_math_pkg
# -- Compiling module axi_dw_upsizer
# -- Compiling module axi_id_remap
# -- Compiling module axi_id_remap_table
# -- Compiling module axi_id_remap_intf
# -- Compiling module axi_id_prepend
# -- Compiling module axi_isolate
# -- Compiling module axi_isolate_inner
# -- Compiling module axi_isolate_intf
# -- Compiling module axi_join_intf
# -- Compiling module axi_lite_demux
# -- Compiling module axi_lite_demux_intf
# -- Compiling module axi_lite_join_intf
# -- Compiling module axi_lite_mailbox
# -- Compiling module axi_lite_mailbox_slave
# -- Compiling module axi_lite_mailbox_intf
# -- Compiling module axi_lite_mux
# -- Compiling module axi_lite_mux_intf
# -- Compiling module axi_lite_regs
# -- Compiling module axi_lite_regs_intf
# -- Compiling module axi_lite_to_apb
# -- Compiling module axi_lite_to_apb_intf
# -- Compiling module axi_lite_to_axi
# -- Compiling module axi_lite_to_axi_intf
# -- Compiling module axi_modify_address
# -- Compiling module axi_modify_address_intf
# -- Compiling module axi_mux
# -- Compiling module axi_mux_intf
# -- Compiling module axi_serializer
# -- Compiling module axi_serializer_intf
# -- Compiling module axi_to_detailed_mem
# -- Compiling module axi_to_detailed_mem_intf
# -- Compiling module mem_stream_to_banks_detailed
# -- Compiling module axi_cdc
# -- Compiling module axi_cdc_intf
# -- Compiling module axi_lite_cdc_intf
# -- Compiling module axi_err_slv
# -- Compiling module axi_dw_converter
# -- Compiling module axi_dw_converter_intf
# -- Compiling module axi_id_serialize
# -- Compiling module axi_id_serialize_intf
# -- Compiling module axi_multicut
# -- Compiling module axi_multicut_intf
# -- Compiling module axi_lite_multicut_intf
# -- Compiling module axi_to_axi_lite
# -- Compiling module axi_to_axi_lite_id_reflect
# -- Compiling module axi_to_axi_lite_intf
# -- Compiling module axi_iw_converter
# -- Compiling module axi_iw_converter_intf
# -- Compiling module axi_lite_xbar
# ** Warning: /home/users/i77031/Work/AXI_adv/axi/src/axi_lite_xbar.sv(44): (vlog-13314) Defaulting port 'default_mst_port_i' kind to 'var' rather than 'wire' due to default compile option setting of -svinputport=relaxed.
# -- Compiling module axi_lite_xbar_intf
# ** Warning: /home/users/i77031/Work/AXI_adv/axi/src/axi_lite_xbar.sv(253): (vlog-13314) Defaulting port 'default_mst_port_i' kind to 'var' rather than 'wire' due to default compile option setting of -svinputport=relaxed.
# -- Compiling module axi_xbar
# ** Warning: /home/users/i77031/Work/AXI_adv/axi/src/axi_xbar.sv(90): (vlog-13314) Defaulting port 'default_mst_port_i' kind to 'var' rather than 'wire' due to default compile option setting of -svinputport=relaxed.
# -- Compiling module axi_xbar_intf
# ** Warning: /home/users/i77031/Work/AXI_adv/axi/src/axi_xbar.sv(192): (vlog-13314) Defaulting port 'default_mst_port_i' kind to 'var' rather than 'wire' due to default compile option setting of -svinputport=relaxed.
# -- Compiling module axi_lite_from_mem
# -- Compiling module axi_to_mem
# -- Compiling module axi_to_mem_intf
# -- Compiling module axi_sim_mem
# -- Compiling module axi_sim_mem_intf
# -- Compiling module axi_sim_mem_multiport_intf
# 
# Top level modules:
# 	axi_atop_filter_intf
# 	axi_cdc_dst_intf
# 	axi_lite_cdc_dst_intf
# 	axi_cdc_src_intf
# 	axi_lite_cdc_src_intf
# 	axi_cut_intf
# 	axi_lite_cut_intf
# 	axi_delayer_intf
# 	axi_demux_intf
# 	axi_id_remap_intf
# 	axi_isolate_intf
# 	axi_join_intf
# 	axi_lite_demux_intf
# 	axi_lite_join_intf
# 	axi_lite_mailbox_intf
# 	axi_lite_mux_intf
# 	axi_lite_regs_intf
# 	axi_lite_to_apb_intf
# 	axi_lite_to_axi_intf
# 	axi_modify_address_intf
# 	axi_mux_intf
# 	axi_serializer_intf
# 	axi_to_detailed_mem_intf
# 	axi_cdc_intf
# 	axi_lite_cdc_intf
# 	axi_dw_converter_intf
# 	axi_id_serialize_intf
# 	axi_multicut_intf
# 	axi_lite_multicut_intf
# 	axi_to_axi_lite_intf
# 	axi_iw_converter_intf
# 	axi_lite_xbar_intf
# 	axi_xbar_intf
# 	axi_lite_from_mem
# 	axi_to_mem_intf
# 	axi_sim_mem_intf
# 	axi_sim_mem_multiport_intf
# End time: 22:22:17 on Jan 28,2026, Elapsed time: 0:00:01
# Errors: 0, Warnings: 4
# QuestaSim vlog 2024.3 Compiler 2024.09 Sep 10 2024
# Start time: 22:22:17 on Jan 28,2026
# vlog -sv "+incdir+/home/users/i77031/Work/AXI_full/axi/include" -work work -suppress 1346 -lint -timescale 1ns/1ps "+incdir+/home/users/i77031/Work/AXI_full/axi/include +incdir+/home/users/i77031/Work/AXI_full/common_cells/include/common_cells/include +incdir+/home/users/i77031/Work/AXI_full/common_cells/include +incdir+/home/users/i77031/Work/AXI_full/common_cells/src +incdir+/home/users/i77031/Work/AXI_full/uvm +incdir+/home/users/i77031/Work/AXI_full/tb" /home/users/i77031/Work/AXI_full/tb/axi_full_pkg.sv 
# -- Compiling package axi_full_pkg
# -- Importing package axi_pkg
# -- Importing package mtiUvm.uvm_pkg (uvm-1.1d Built-in)
# ** Note: (vlog-2286) /home/users/i77031/Work/AXI_full/tb/axi_full_pkg.sv(5): Using implicit +incdir+/pkg/modeltech-2024.3/uvm-1.1d/../verilog_src/uvm-1.1d/src from import uvm_pkg
# 
# Top level modules:
# 	--none--
# End time: 22:22:17 on Jan 28,2026, Elapsed time: 0:00:00
# Errors: 0, Warnings: 0
# QuestaSim vlog 2024.3 Compiler 2024.09 Sep 10 2024
# Start time: 22:22:17 on Jan 28,2026
# vlog -sv "+incdir+/home/users/i77031/Work/AXI_full/axi/include" "+incdir+/home/users/i77031/Work/AXI_full/uvm/" -work work -suppress 1346 -lint -timescale 1ns/1ps "+incdir+/home/users/i77031/Work/AXI_full/axi/include +incdir+/home/users/i77031/Work/AXI_full/common_cells/include/common_cells/include +incdir+/home/users/i77031/Work/AXI_full/common_cells/include +incdir+/home/users/i77031/Work/AXI_full/common_cells/src +incdir+/home/users/i77031/Work/AXI_full/uvm +incdir+/home/users/i77031/Work/AXI_full/tb" /home/users/i77031/Work/AXI_full/uvm/axi_if.sv 
# -- Compiling interface axi_if
# -- Importing package axi_full_pkg
# -- Importing package axi_pkg
# -- Importing package mtiUvm.uvm_pkg (uvm-1.1d Built-in)
# 
# Top level modules:
# 	--none--
# End time: 22:22:18 on Jan 28,2026, Elapsed time: 0:00:01
# Errors: 0, Warnings: 0
# QuestaSim vlog 2024.3 Compiler 2024.09 Sep 10 2024
# Start time: 22:22:18 on Jan 28,2026
# vlog -sv "+incdir+/home/users/i77031/Work/AXI_full/axi/include" "+incdir+/home/users/i77031/Work/AXI_full/uvm/" -work work -suppress 1346 -lint -timescale 1ns/1ps "+incdir+/home/users/i77031/Work/AXI_full/axi/include +incdir+/home/users/i77031/Work/AXI_full/common_cells/include/common_cells/include +incdir+/home/users/i77031/Work/AXI_full/common_cells/include +incdir+/home/users/i77031/Work/AXI_full/common_cells/src +incdir+/home/users/i77031/Work/AXI_full/uvm +incdir+/home/users/i77031/Work/AXI_full/tb" /home/users/i77031/Work/AXI_full/uvm/axi_full_uvm_pkg.sv 
# -- Compiling package axi_full_uvm_pkg
# -- Importing package mtiUvm.uvm_pkg (uvm-1.1d Built-in)
# ** Note: (vlog-2286) /home/users/i77031/Work/AXI_full/uvm/axi_full_uvm_pkg.sv(3): Using implicit +incdir+/pkg/modeltech-2024.3/uvm-1.1d/../verilog_src/uvm-1.1d/src from import uvm_pkg
# -- Importing package axi_full_pkg
# -- Importing package axi_pkg
# ** Warning: /home/users/i77031/Work/AXI_full/uvm//axi_monitor.sv(77): (vlog-2240) Treating stand-alone use of function 'pop_front' as an implicit VOID cast.
# ** Warning: /home/users/i77031/Work/AXI_full/uvm//axi_monitor.sv(93): (vlog-2240) Treating stand-alone use of function 'pop_front' as an implicit VOID cast.
# ** Warning: /home/users/i77031/Work/AXI_full/uvm//axi_monitor.sv(124): (vlog-2240) Treating stand-alone use of function 'pop_front' as an implicit VOID cast.
# ** Warning: /home/users/i77031/Work/AXI_full/uvm//axi_monitor.sv(133): (vlog-2240) Treating stand-alone use of function 'pop_front' as an implicit VOID cast.
# ** Warning: /home/users/i77031/Work/AXI_full/uvm/axi_full_uvm_pkg.sv(18): (vlog-2283) Extra semicolon in $unit (global) scope.
# ** Warning: /home/users/i77031/Work/AXI_full/uvm/axi_full_uvm_pkg.sv(19): (vlog-2284) Empty $unit scope found.
# -- Compiling package axi_full_uvm_pkg_sv_unit
# 
# Top level modules:
# 	--none--
# End time: 22:22:18 on Jan 28,2026, Elapsed time: 0:00:00
# Errors: 0, Warnings: 6
# QuestaSim vlog 2024.3 Compiler 2024.09 Sep 10 2024
# Start time: 22:22:18 on Jan 28,2026
# vlog -sv "+incdir+/home/users/i77031/Work/AXI_full/tb/" -work work -suppress 1346 -lint -timescale 1ns/1ps "+incdir+/home/users/i77031/Work/AXI_full/axi/include +incdir+/home/users/i77031/Work/AXI_full/common_cells/include/common_cells/include +incdir+/home/users/i77031/Work/AXI_full/common_cells/include +incdir+/home/users/i77031/Work/AXI_full/common_cells/src +incdir+/home/users/i77031/Work/AXI_full/uvm +incdir+/home/users/i77031/Work/AXI_full/tb" /home/users/i77031/Work/AXI_full/tb/axi_full_tb_pkg.sv 
# -- Compiling package axi_full_tb_pkg
# ** Note: (vlog-2286) /home/users/i77031/Work/AXI_full/tb//axi_full_base_test.sv(1): Using implicit +incdir+/pkg/modeltech-2024.3/uvm-1.1d/../verilog_src/uvm-1.1d/src from import uvm_pkg
# -- Importing package mtiUvm.uvm_pkg (uvm-1.1d Built-in)
# -- Importing package axi_full_uvm_pkg
# -- Importing package axi_full_pkg
# -- Importing package axi_pkg
# 
# Top level modules:
# 	--none--
# End time: 22:22:19 on Jan 28,2026, Elapsed time: 0:00:01
# Errors: 0, Warnings: 0
# QuestaSim vlog 2024.3 Compiler 2024.09 Sep 10 2024
# Start time: 22:22:19 on Jan 28,2026
# vlog -sv "+incdir+/home/users/i77031/Work/AXI_full/axi/include" "+incdir+/home/users/i77031/Work/AXI_full/common_cells/src" -work work -suppress 1346 -lint -timescale 1ns/1ps "+incdir+/home/users/i77031/Work/AXI_full/axi/include +incdir+/home/users/i77031/Work/AXI_full/common_cells/include/common_cells/include +incdir+/home/users/i77031/Work/AXI_full/common_cells/include +incdir+/home/users/i77031/Work/AXI_full/common_cells/src +incdir+/home/users/i77031/Work/AXI_full/uvm +incdir+/home/users/i77031/Work/AXI_full/tb" /home/users/i77031/Work/AXI_full/tb/axi_full_uvm_tb_top.sv 
# -- Compiling module axi_full_uvm_tb_top
# -- Importing package mtiUvm.uvm_pkg (uvm-1.1d Built-in)
# ** Note: (vlog-2286) /home/users/i77031/Work/AXI_full/tb/axi_full_uvm_tb_top.sv(3): Using implicit +incdir+/pkg/modeltech-2024.3/uvm-1.1d/../verilog_src/uvm-1.1d/src from import uvm_pkg
# -- Importing package axi_full_pkg
# -- Importing package axi_pkg
# -- Importing package axi_full_uvm_pkg
# -- Importing package axi_full_tb_pkg
# 
# Top level modules:
# 	axi_full_uvm_tb_top
# End time: 22:22:19 on Jan 28,2026, Elapsed time: 0:00:00
# Errors: 0, Warnings: 0
# vsim -libverbose -voptargs="+acc" -L uvm work.axi_full_uvm_tb_top "+UVM_VERBOSITY=UVM_HIGH" -do "run -all; quit -f" 
# Start time: 22:22:19 on Jan 28,2026
# ** Note: (vsim-10012) Adding new library '/home/users/i77031/Work/AXI_full/work' to libsearch path.
# ** Note: (vsim-3812) Design is being optimized...
# ** Warning: (vopt-10587) Some optimizations are turned off because the +acc switch is in effect. This will cause your simulation to run slowly. Please use -access/-debug to maintain needed visibility. The +acc switch would be deprecated in a future release.
# Support of the MGLS_LICENSE_FILE and LM_LICENSE_FILE licensing environment variables will be discontinued starting with the 2025.1 release. Please update to using the SALT_LICENSE_SERVER variable.
# Please contact Siemens EDA Customer Support (https://support.sw.siemens.com/) for assistance.
# ** Warning: /home/users/i77031/Work/AXI_full/uvm//axi_monitor.sv(77): (vopt-2240) Treating stand-alone use of function 'pop_front' as an implicit VOID cast.
# ** Warning: /home/users/i77031/Work/AXI_full/uvm//axi_monitor.sv(93): (vopt-2240) Treating stand-alone use of function 'pop_front' as an implicit VOID cast.
# ** Warning: /home/users/i77031/Work/AXI_full/uvm//axi_monitor.sv(124): (vopt-2240) Treating stand-alone use of function 'pop_front' as an implicit VOID cast.
# ** Warning: /home/users/i77031/Work/AXI_full/uvm//axi_monitor.sv(133): (vopt-2240) Treating stand-alone use of function 'pop_front' as an implicit VOID cast.
# ** Note: (vsim-12126) Error and warning message counts have been restored: Errors=0, Warnings=5.
# ** Note: (vsim-10013) Library 'uvm' is mapped to 'uvm' through modelsim.ini.
# ** Note: (vsim-10013) Library 'work' is mapped to 'work' through modelsim.ini.
# ** Note: (vsim-10013) Library 'flcov_ce_lib' is mapped to '$MODEL_TECH/../flcov_ce_lib' through modelsim.ini.
# ** Note: (vsim-10013) Library 'vh_flcov_lib' is mapped to '$MODEL_TECH/../vh_flcov_lib' through modelsim.ini.
# ** Note: (vsim-10013) Library 'vh_ux01v_lib' is mapped to '$MODEL_TECH/../vh_ux01v_lib' through modelsim.ini.
# Libsearch options:
# 	-L uvm -> /home/users/i77031/Work/AXI_full/uvm
# 	-Ltop /home/users/i77031/Work/AXI_full/work -> /home/users/i77031/Work/AXI_full/work
# //  Questa Sim
# //  Version 2024.3 linux Sep 10 2024
# //
# // Unpublished work. Copyright 2024 Siemens
# //
# // This material contains trade secrets or otherwise confidential information
# // owned by Siemens Industry Software Inc. or its affiliates (collectively,
# // "SISW"), or its licensors. Access to and use of this information is strictly
# // limited as set forth in the Customer's applicable agreements with SISW.
# //
# // This material may not be copied, distributed, or otherwise disclosed outside
# // of the Customer's facilities without the express written permission of SISW,
# // and may not be used in any way not expressly authorized by SISW.
# //
# Loading sv_std.std
# Loading work.axi_if(fast)
# Loading mtiUvm.uvm_pkg(fast)
# Loading work.axi_pkg(fast)
# Loading work.axi_full_pkg(fast)
# Loading work.axi_full_uvm_pkg(fast)
# Loading work.axi_full_tb_pkg(fast)
# Loading mtiUvm.questa_uvm_pkg(fast)
# Loading work.axi_full_uvm_tb_top(fast)
# Loading work.axi_if(fast__2)
# Loading work.axi_sim_mem(fast)
# Loading /tmp/i77031@idc-cad-svr52_dpi_59410/linux_gcc-10.3.0/vsim_auto_compile.so
# Loading /pkg/modeltech-2024.3/uvm-1.1d/linux/uvm_dpi.so
# run -all
# ----------------------------------------------------------------
# UVM-1.1d
# (C) 2007-2013 Mentor Graphics Corporation
# (C) 2007-2013 Cadence Design Systems, Inc.
# (C) 2006-2013 Synopsys, Inc.
# (C) 2011-2013 Cypress Semiconductor Corp.
# ----------------------------------------------------------------
# 
#   ***********       IMPORTANT RELEASE NOTES         ************
# 
#   You are using a version of the UVM library that has been compiled
#   with `UVM_NO_DEPRECATED undefined.
#   See http://www.eda.org/svdb/view.php?id=3313 for more details.
# 
#   You are using a version of the UVM library that has been compiled
#   with `UVM_OBJECT_MUST_HAVE_CONSTRUCTOR undefined.
#   See http://www.eda.org/svdb/view.php?id=3770 for more details.
# 
#       (Specify +UVM_NO_RELNOTES to turn off this notice)
# 
# UVM_INFO verilog_src/questa_uvm_pkg-1.2/src/questa_uvm_pkg.sv(277) @ 0: reporter [Questa UVM] QUESTA_UVM-1.2.3
# UVM_INFO verilog_src/questa_uvm_pkg-1.2/src/questa_uvm_pkg.sv(278) @ 0: reporter [Questa UVM]  questa_uvm::init(+struct)
# UVM_INFO @ 0: reporter [RNTST] Running test axi_full_multi_id_write_read_test...
# UVM_INFO @ 0: reporter [UVMTOP] UVM testbench topology:
# -------------------------------------------------------------------------
# Name                       Type                               Size  Value
# -------------------------------------------------------------------------
# uvm_test_top               axi_full_multi_id_write_read_test  -     @471 
#   axi_env_0                axi_env                            -     @478 
#     axi_agent_0            axi_agent                          -     @489 
#       axi_driver_0         axi_driver                         -     @511 
#         rsp_port           uvm_analysis_port                  -     @526 
#         seq_item_port      uvm_seq_item_pull_port             -     @518 
#       axi_monitor_0        axi_monitor                        -     @504 
#         dut_in_tx_port     uvm_analysis_port                  -     @644 
#         dut_out_tx_port    uvm_analysis_port                  -     @652 
#       axi_sequencer_0      uvm_sequencer                      -     @534 
#         rsp_export         uvm_analysis_export                -     @541 
#         seq_item_export    uvm_seq_item_pull_imp              -     @635 
#         arbitration_queue  array                              0     -    
#         lock_queue         array                              0     -    
#         num_last_reqs      integral                           32    'd1  
#         num_last_rsps      integral                           32    'd1  
#     axi_scoreboard_0       axi_scoreboard                     -     @496 
#       in_fifo              uvm_tlm_analysis_fifo #(T)         -     @666 
#         analysis_export    uvm_analysis_imp                   -     @705 
#         get_ap             uvm_analysis_port                  -     @697 
#         get_peek_export    uvm_get_peek_imp                   -     @681 
#         put_ap             uvm_analysis_port                  -     @689 
#         put_export         uvm_put_imp                        -     @673 
#       in_imp               uvm_analysis_imp_in                -     @760 
#       out_fifo             uvm_tlm_analysis_fifo #(T)         -     @713 
#         analysis_export    uvm_analysis_imp                   -     @752 
#         get_ap             uvm_analysis_port                  -     @744 
#         get_peek_export    uvm_get_peek_imp                   -     @728 
#         put_ap             uvm_analysis_port                  -     @736 
#         put_export         uvm_put_imp                        -     @720 
#       out_imp              uvm_analysis_imp_out               -     @768 
# -------------------------------------------------------------------------
# 
# UVM_INFO verilog_src/questa_uvm_pkg-1.2/src/questa_uvm_pkg.sv(339) @ 0: reporter [Questa UVM] End Of Elaboration
# UVM_INFO /home/users/i77031/Work/AXI_full/uvm//axi_monitor.sv(58) @ 0: uvm_test_top.axi_env_0.axi_agent_0.axi_monitor_0 [WRITE_MON] 
# mon_w_valid_o        | x
# mon_w_beat_count     | x
# mon_w_data_o         | x
# mon_w_addr_o         | x
# mon_r_last_o         | x
# mon_r_valid_o        | x
# mon_r_data_o         | x
# mon_r_addr_o         | x
# 
# AW.addr              | x
# AW.id                | x
# AW.len               | x
# AW.size              | x
# AW.burst             | x
# AW.lock              | x
# AW.cache             | x
# AW.prot              | x
# AW.valid             | x
# AW.ready             | x
# 
# W.data               | x
# W.strb               | x
# W.last               | x
# W.valid              | x
# 
# AR.addr              | x
# AR.id                | x
# AR.len               | x
# AR.size              | x
# AR.burst             | x
# AR.lock              | x
# AR.cache             | x
# AR.prot              | x
# AR.valid             | x
# AR.ready             | x
# 
# B.id                 | x
# B.resp               | x
# B.valid              | x
# B.ready              | x
# 
# R.id                 | x
# R.data               | x
# R.resp               | x
# R.last               | x
# R.valid              | x
# R.ready              | x
# 
# UVM_INFO /home/users/i77031/Work/AXI_full/uvm//axi_monitor.sv(229) @ 0: uvm_test_top.axi_env_0.axi_agent_0.axi_monitor_0 [READ_MON] AR Phase full = '{0, 0, 0, 0, 0, 0, 0, 0, 0, 0}
# UVM_INFO /home/users/i77031/Work/AXI_full/uvm//axi_monitor.sv(230) @ 0: uvm_test_top.axi_env_0.axi_agent_0.axi_monitor_0 [READ_MON] R Phase full completed = '{0, 0, 0, 0, 0, 0, 0, 0, 0, 0}
# UVM_INFO /home/users/i77031/Work/AXI_full/uvm//axi_monitor.sv(105) @ 0: uvm_test_top.axi_env_0.axi_agent_0.axi_monitor_0 [READ_MON] 
# mon_w_valid_o        | 0
# mon_w_beat_count     | 0
# mon_w_data_o         | 0
# mon_w_addr_o         | 0
# mon_r_last_o         | 0
# mon_r_valid_o        | 0
# mon_r_data_o         | 0
# mon_r_addr_o         | 0
# 
# AW.addr              | x
# AW.id                | x
# AW.len               | x
# AW.size              | x
# AW.burst             | x
# AW.lock              | x
# AW.cache             | x
# AW.prot              | x
# AW.valid             | x
# AW.ready             | 0
# 
# W.data               | x
# W.strb               | x
# W.last               | x
# W.valid              | x
# 
# AR.addr              | x
# AR.id                | x
# AR.len               | x
# AR.size              | x
# AR.burst             | x
# AR.lock              | x
# AR.cache             | x
# AR.prot              | x
# AR.valid             | x
# AR.ready             | 0
# 
# B.id                 | 0
# B.resp               | 0
# B.valid              | 0
# B.ready              | x
# 
# R.id                 | 0
# R.data               | 0
# R.resp               | 0
# R.last               | 0
# R.valid              | 0
# R.ready              | x
# 
# UVM_INFO /home/users/i77031/Work/AXI_full/uvm//axi_monitor.sv(108) @ 15000: uvm_test_top.axi_env_0.axi_agent_0.axi_monitor_0 [READ_MON] Completed read_out = '{0, 0, 0, 0, 0, 0, 0, 0, 0, 0}
# UVM_INFO /home/users/i77031/Work/AXI_full/uvm//axi_monitor.sv(229) @ 15000: uvm_test_top.axi_env_0.axi_agent_0.axi_monitor_0 [READ_MON] AR Phase full = '{0, 0, 0, 0, 0, 0, 0, 0, 0, 0}
# UVM_INFO /home/users/i77031/Work/AXI_full/uvm//axi_monitor.sv(230) @ 15000: uvm_test_top.axi_env_0.axi_agent_0.axi_monitor_0 [READ_MON] R Phase full completed = '{0, 0, 0, 0, 0, 0, 0, 0, 0, 0}
# UVM_INFO /home/users/i77031/Work/AXI_full/uvm//axi_monitor.sv(105) @ 15000: uvm_test_top.axi_env_0.axi_agent_0.axi_monitor_0 [READ_MON] 
# mon_w_valid_o        | 0
# mon_w_beat_count     | 0
# mon_w_data_o         | 0
# mon_w_addr_o         | 0
# mon_r_last_o         | 0
# mon_r_valid_o        | 0
# mon_r_data_o         | 0
# mon_r_addr_o         | 0
# 
# AW.addr              | x
# AW.id                | x
# AW.len               | x
# AW.size              | x
# AW.burst             | x
# AW.lock              | x
# AW.cache             | x
# AW.prot              | x
# AW.valid             | x
# AW.ready             | 0
# 
# W.data               | x
# W.strb               | x
# W.last               | x
# W.valid              | x
# 
# AR.addr              | x
# AR.id                | x
# AR.len               | x
# AR.size              | x
# AR.burst             | x
# AR.lock              | x
# AR.cache             | x
# AR.prot              | x
# AR.valid             | x
# AR.ready             | 0
# 
# B.id                 | 0
# B.resp               | 0
# B.valid              | 0
# B.ready              | x
# 
# R.id                 | 0
# R.data               | 0
# R.resp               | 0
# R.last               | 0
# R.valid              | 0
# R.ready              | x
# 
# UVM_INFO /home/users/i77031/Work/AXI_full/uvm//axi_monitor.sv(61) @ 15000: uvm_test_top.axi_env_0.axi_agent_0.axi_monitor_0 [WRITE_MON] Completed write_in = '{0, 0, 0, 0, 0, 0, 0, 0, 0, 0}
# UVM_INFO /home/users/i77031/Work/AXI_full/uvm//axi_monitor.sv(58) @ 15000: uvm_test_top.axi_env_0.axi_agent_0.axi_monitor_0 [WRITE_MON] 
# mon_w_valid_o        | x
# mon_w_beat_count     | x
# mon_w_data_o         | x
# mon_w_addr_o         | x
# mon_r_last_o         | x
# mon_r_valid_o        | x
# mon_r_data_o         | x
# mon_r_addr_o         | x
# 
# AW.addr              | 0
# AW.id                | 0
# AW.len               | 0
# AW.size              | 0
# AW.burst             | 0
# AW.lock              | 0
# AW.cache             | 0
# AW.prot              | 0
# AW.valid             | 0
# AW.ready             | x
# 
# W.data               | 0
# W.strb               | 0
# W.last               | 0
# W.valid              | 0
# 
# AR.addr              | 0
# AR.id                | 0
# AR.len               | 0
# AR.size              | 0
# AR.burst             | 0
# AR.lock              | 0
# AR.cache             | 0
# AR.prot              | 0
# AR.valid             | 0
# AR.ready             | x
# 
# B.id                 | x
# B.resp               | x
# B.valid              | x
# B.ready              | 0
# 
# R.id                 | x
# R.data               | x
# R.resp               | x
# R.last               | x
# R.valid              | x
# R.ready              | 0
# 
# UVM_INFO /home/users/i77031/Work/AXI_full/uvm//axi_transaction.sv(372) @ 15000: uvm_test_top.axi_env_0.axi_agent_0.axi_sequencer_0@@axi_id_wr_rd_seq [WRITE_SEQ] Generating Multi-ID Address Write sequence, 2
# UVM_INFO /home/users/i77031/Work/AXI_full/uvm//axi_driver.sv(53) @ 20000: uvm_test_top.axi_env_0.axi_agent_0.axi_driver_0 [WRITE_DRIVER] Writing data address channel
# UVM_INFO /home/users/i77031/Work/AXI_full/uvm//axi_driver.sv(137) @ 25000: uvm_test_top.axi_env_0.axi_agent_0.axi_driver_0 [WRITE_DRIVER] Got AW Ready
# UVM_INFO /home/users/i77031/Work/AXI_full/uvm//axi_monitor.sv(61) @ 25000: uvm_test_top.axi_env_0.axi_agent_0.axi_monitor_0 [WRITE_MON] Completed write_in = '{0, 0, 0, 0, 0, 0, 0, 0, 0, 0}
# UVM_INFO /home/users/i77031/Work/AXI_full/uvm//axi_monitor.sv(149) @ 25000: uvm_test_top.axi_env_0.axi_agent_0.axi_monitor_0 [INPUT_MON] ID queue = '{1}
# UVM_INFO /home/users/i77031/Work/AXI_full/uvm//axi_monitor.sv(153) @ 25000: uvm_test_top.axi_env_0.axi_agent_0.axi_monitor_0 [INPUT_MON] AW Phase = 0
# UVM_INFO /home/users/i77031/Work/AXI_full/uvm//axi_monitor.sv(154) @ 25000: uvm_test_top.axi_env_0.axi_agent_0.axi_monitor_0 [INPUT_MON] Conpleted AW Phase = '{0, 1, 0, 0, 0, 0, 0, 0, 0, 0}
# UVM_INFO /home/users/i77031/Work/AXI_full/uvm//axi_monitor.sv(58) @ 25000: uvm_test_top.axi_env_0.axi_agent_0.axi_monitor_0 [WRITE_MON] 
# mon_w_valid_o        | x
# mon_w_beat_count     | x
# mon_w_data_o         | x
# mon_w_addr_o         | x
# mon_r_last_o         | x
# mon_r_valid_o        | x
# mon_r_data_o         | x
# mon_r_addr_o         | x
# 
# AW.addr              | 0
# AW.id                | 1
# AW.len               | 3
# AW.size              | 2
# AW.burst             | 2
# AW.lock              | 0
# AW.cache             | 0
# AW.prot              | 0
# AW.valid             | 1
# AW.ready             | x
# 
# W.data               | 0
# W.strb               | 0
# W.last               | 0
# W.valid              | 0
# 
# AR.addr              | 0
# AR.id                | 0
# AR.len               | 0
# AR.size              | 0
# AR.burst             | 0
# AR.lock              | 0
# AR.cache             | 0
# AR.prot              | 0
# AR.valid             | 0
# AR.ready             | x
# 
# B.id                 | x
# B.resp               | x
# B.valid              | x
# B.ready              | 0
# 
# R.id                 | x
# R.data               | x
# R.resp               | x
# R.last               | x
# R.valid              | x
# R.ready              | 0
# 
# UVM_INFO /home/users/i77031/Work/AXI_full/uvm//axi_monitor.sv(108) @ 25000: uvm_test_top.axi_env_0.axi_agent_0.axi_monitor_0 [READ_MON] Completed read_out = '{0, 0, 0, 0, 0, 0, 0, 0, 0, 0}
# UVM_INFO /home/users/i77031/Work/AXI_full/uvm//axi_monitor.sv(229) @ 25000: uvm_test_top.axi_env_0.axi_agent_0.axi_monitor_0 [READ_MON] AR Phase full = '{0, 0, 0, 0, 0, 0, 0, 0, 0, 0}
# UVM_INFO /home/users/i77031/Work/AXI_full/uvm//axi_monitor.sv(230) @ 25000: uvm_test_top.axi_env_0.axi_agent_0.axi_monitor_0 [READ_MON] R Phase full completed = '{0, 0, 0, 0, 0, 0, 0, 0, 0, 0}
# UVM_INFO /home/users/i77031/Work/AXI_full/uvm//axi_monitor.sv(105) @ 25000: uvm_test_top.axi_env_0.axi_agent_0.axi_monitor_0 [READ_MON] 
# mon_w_valid_o        | 0
# mon_w_beat_count     | 0
# mon_w_data_o         | 0
# mon_w_addr_o         | 0
# mon_r_last_o         | 0
# mon_r_valid_o        | 0
# mon_r_data_o         | 0
# mon_r_addr_o         | 0
# 
# AW.addr              | x
# AW.id                | x
# AW.len               | x
# AW.size              | x
# AW.burst             | x
# AW.lock              | x
# AW.cache             | x
# AW.prot              | x
# AW.valid             | x
# AW.ready             | 1
# 
# W.data               | x
# W.strb               | x
# W.last               | x
# W.valid              | x
# 
# AR.addr              | x
# AR.id                | x
# AR.len               | x
# AR.size              | x
# AR.burst             | x
# AR.lock              | x
# AR.cache             | x
# AR.prot              | x
# AR.valid             | x
# AR.ready             | 1
# 
# B.id                 | 0
# B.resp               | 0
# B.valid              | 0
# B.ready              | x
# 
# R.id                 | 0
# R.data               | 0
# R.resp               | 0
# R.last               | 0
# R.valid              | 0
# R.ready              | x
# 
# UVM_INFO /home/users/i77031/Work/AXI_full/uvm//axi_monitor.sv(108) @ 35000: uvm_test_top.axi_env_0.axi_agent_0.axi_monitor_0 [READ_MON] Completed read_out = '{0, 0, 0, 0, 0, 0, 0, 0, 0, 0}
# UVM_INFO /home/users/i77031/Work/AXI_full/uvm//axi_monitor.sv(229) @ 35000: uvm_test_top.axi_env_0.axi_agent_0.axi_monitor_0 [READ_MON] AR Phase full = '{0, 0, 0, 0, 0, 0, 0, 0, 0, 0}
# UVM_INFO /home/users/i77031/Work/AXI_full/uvm//axi_monitor.sv(230) @ 35000: uvm_test_top.axi_env_0.axi_agent_0.axi_monitor_0 [READ_MON] R Phase full completed = '{0, 0, 0, 0, 0, 0, 0, 0, 0, 0}
# UVM_INFO /home/users/i77031/Work/AXI_full/uvm//axi_monitor.sv(105) @ 35000: uvm_test_top.axi_env_0.axi_agent_0.axi_monitor_0 [READ_MON] 
# mon_w_valid_o        | 0
# mon_w_beat_count     | 0
# mon_w_data_o         | 0
# mon_w_addr_o         | 0
# mon_r_last_o         | 0
# mon_r_valid_o        | 0
# mon_r_data_o         | 0
# mon_r_addr_o         | 0
# 
# AW.addr              | x
# AW.id                | x
# AW.len               | x
# AW.size              | x
# AW.burst             | x
# AW.lock              | x
# AW.cache             | x
# AW.prot              | x
# AW.valid             | x
# AW.ready             | 1
# 
# W.data               | x
# W.strb               | x
# W.last               | x
# W.valid              | x
# 
# AR.addr              | x
# AR.id                | x
# AR.len               | x
# AR.size              | x
# AR.burst             | x
# AR.lock              | x
# AR.cache             | x
# AR.prot              | x
# AR.valid             | x
# AR.ready             | 1
# 
# B.id                 | 0
# B.resp               | 0
# B.valid              | 0
# B.ready              | x
# 
# R.id                 | 0
# R.data               | 0
# R.resp               | 0
# R.last               | 0
# R.valid              | 0
# R.ready              | x
# 
# UVM_INFO /home/users/i77031/Work/AXI_full/uvm//axi_monitor.sv(61) @ 35000: uvm_test_top.axi_env_0.axi_agent_0.axi_monitor_0 [WRITE_MON] Completed write_in = '{0, 0, 0, 0, 0, 0, 0, 0, 0, 0}
# UVM_INFO /home/users/i77031/Work/AXI_full/uvm//axi_monitor.sv(58) @ 35000: uvm_test_top.axi_env_0.axi_agent_0.axi_monitor_0 [WRITE_MON] 
# mon_w_valid_o        | x
# mon_w_beat_count     | x
# mon_w_data_o         | x
# mon_w_addr_o         | x
# mon_r_last_o         | x
# mon_r_valid_o        | x
# mon_r_data_o         | x
# mon_r_addr_o         | x
# 
# AW.addr              | 0
# AW.id                | 1
# AW.len               | 3
# AW.size              | 2
# AW.burst             | 2
# AW.lock              | 0
# AW.cache             | 0
# AW.prot              | 0
# AW.valid             | 0
# AW.ready             | x
# 
# W.data               | 0
# W.strb               | 0
# W.last               | 0
# W.valid              | 0
# 
# AR.addr              | 0
# AR.id                | 0
# AR.len               | 0
# AR.size              | 0
# AR.burst             | 0
# AR.lock              | 0
# AR.cache             | 0
# AR.prot              | 0
# AR.valid             | 0
# AR.ready             | x
# 
# B.id                 | x
# B.resp               | x
# B.valid              | x
# B.ready              | 0
# 
# R.id                 | x
# R.data               | x
# R.resp               | x
# R.last               | x
# R.valid              | x
# R.ready              | 0
# 
# UVM_INFO /home/users/i77031/Work/AXI_full/uvm//axi_transaction.sv(383) @ 35000: uvm_test_top.axi_env_0.axi_agent_0.axi_sequencer_0@@axi_id_wr_rd_seq [WRITE_SEQ] Generating Multi-ID Address Write sequence, 1
# UVM_INFO /home/users/i77031/Work/AXI_full/uvm//axi_driver.sv(53) @ 40000: uvm_test_top.axi_env_0.axi_agent_0.axi_driver_0 [WRITE_DRIVER] Writing data address channel
# UVM_INFO /home/users/i77031/Work/AXI_full/uvm//axi_driver.sv(137) @ 45000: uvm_test_top.axi_env_0.axi_agent_0.axi_driver_0 [WRITE_DRIVER] Got AW Ready
# UVM_INFO /home/users/i77031/Work/AXI_full/uvm//axi_monitor.sv(61) @ 45000: uvm_test_top.axi_env_0.axi_agent_0.axi_monitor_0 [WRITE_MON] Completed write_in = '{0, 0, 0, 0, 0, 0, 0, 0, 0, 0}
# UVM_INFO /home/users/i77031/Work/AXI_full/uvm//axi_monitor.sv(149) @ 45000: uvm_test_top.axi_env_0.axi_agent_0.axi_monitor_0 [INPUT_MON] ID queue = '{1, 0}
# UVM_INFO /home/users/i77031/Work/AXI_full/uvm//axi_monitor.sv(153) @ 45000: uvm_test_top.axi_env_0.axi_agent_0.axi_monitor_0 [INPUT_MON] AW Phase = 1
# UVM_INFO /home/users/i77031/Work/AXI_full/uvm//axi_monitor.sv(154) @ 45000: uvm_test_top.axi_env_0.axi_agent_0.axi_monitor_0 [INPUT_MON] Conpleted AW Phase = '{1, 1, 0, 0, 0, 0, 0, 0, 0, 0}
# UVM_INFO /home/users/i77031/Work/AXI_full/uvm//axi_monitor.sv(58) @ 45000: uvm_test_top.axi_env_0.axi_agent_0.axi_monitor_0 [WRITE_MON] 
# mon_w_valid_o        | x
# mon_w_beat_count     | x
# mon_w_data_o         | x
# mon_w_addr_o         | x
# mon_r_last_o         | x
# mon_r_valid_o        | x
# mon_r_data_o         | x
# mon_r_addr_o         | x
# 
# AW.addr              | 24
# AW.id                | 0
# AW.len               | 3
# AW.size              | 2
# AW.burst             | 2
# AW.lock              | 0
# AW.cache             | 0
# AW.prot              | 0
# AW.valid             | 1
# AW.ready             | x
# 
# W.data               | 0
# W.strb               | 0
# W.last               | 0
# W.valid              | 0
# 
# AR.addr              | 0
# AR.id                | 0
# AR.len               | 0
# AR.size              | 0
# AR.burst             | 0
# AR.lock              | 0
# AR.cache             | 0
# AR.prot              | 0
# AR.valid             | 0
# AR.ready             | x
# 
# B.id                 | x
# B.resp               | x
# B.valid              | x
# B.ready              | 0
# 
# R.id                 | x
# R.data               | x
# R.resp               | x
# R.last               | x
# R.valid              | x
# R.ready              | 0
# 
# UVM_INFO /home/users/i77031/Work/AXI_full/uvm//axi_monitor.sv(108) @ 45000: uvm_test_top.axi_env_0.axi_agent_0.axi_monitor_0 [READ_MON] Completed read_out = '{0, 0, 0, 0, 0, 0, 0, 0, 0, 0}
# UVM_INFO /home/users/i77031/Work/AXI_full/uvm//axi_monitor.sv(229) @ 45000: uvm_test_top.axi_env_0.axi_agent_0.axi_monitor_0 [READ_MON] AR Phase full = '{0, 0, 0, 0, 0, 0, 0, 0, 0, 0}
# UVM_INFO /home/users/i77031/Work/AXI_full/uvm//axi_monitor.sv(230) @ 45000: uvm_test_top.axi_env_0.axi_agent_0.axi_monitor_0 [READ_MON] R Phase full completed = '{0, 0, 0, 0, 0, 0, 0, 0, 0, 0}
# UVM_INFO /home/users/i77031/Work/AXI_full/uvm//axi_monitor.sv(105) @ 45000: uvm_test_top.axi_env_0.axi_agent_0.axi_monitor_0 [READ_MON] 
# mon_w_valid_o        | 0
# mon_w_beat_count     | 0
# mon_w_data_o         | 0
# mon_w_addr_o         | 0
# mon_r_last_o         | 0
# mon_r_valid_o        | 0
# mon_r_data_o         | 0
# mon_r_addr_o         | 0
# 
# AW.addr              | x
# AW.id                | x
# AW.len               | x
# AW.size              | x
# AW.burst             | x
# AW.lock              | x
# AW.cache             | x
# AW.prot              | x
# AW.valid             | x
# AW.ready             | 1
# 
# W.data               | x
# W.strb               | x
# W.last               | x
# W.valid              | x
# 
# AR.addr              | x
# AR.id                | x
# AR.len               | x
# AR.size              | x
# AR.burst             | x
# AR.lock              | x
# AR.cache             | x
# AR.prot              | x
# AR.valid             | x
# AR.ready             | 1
# 
# B.id                 | 0
# B.resp               | 0
# B.valid              | 0
# B.ready              | x
# 
# R.id                 | 0
# R.data               | 0
# R.resp               | 0
# R.last               | 0
# R.valid              | 0
# R.ready              | x
# 
# UVM_INFO /home/users/i77031/Work/AXI_full/uvm//axi_monitor.sv(108) @ 55000: uvm_test_top.axi_env_0.axi_agent_0.axi_monitor_0 [READ_MON] Completed read_out = '{0, 0, 0, 0, 0, 0, 0, 0, 0, 0}
# UVM_INFO /home/users/i77031/Work/AXI_full/uvm//axi_monitor.sv(229) @ 55000: uvm_test_top.axi_env_0.axi_agent_0.axi_monitor_0 [READ_MON] AR Phase full = '{0, 0, 0, 0, 0, 0, 0, 0, 0, 0}
# UVM_INFO /home/users/i77031/Work/AXI_full/uvm//axi_monitor.sv(230) @ 55000: uvm_test_top.axi_env_0.axi_agent_0.axi_monitor_0 [READ_MON] R Phase full completed = '{0, 0, 0, 0, 0, 0, 0, 0, 0, 0}
# UVM_INFO /home/users/i77031/Work/AXI_full/uvm//axi_monitor.sv(105) @ 55000: uvm_test_top.axi_env_0.axi_agent_0.axi_monitor_0 [READ_MON] 
# mon_w_valid_o        | 0
# mon_w_beat_count     | 0
# mon_w_data_o         | 0
# mon_w_addr_o         | 0
# mon_r_last_o         | 0
# mon_r_valid_o        | 0
# mon_r_data_o         | 0
# mon_r_addr_o         | 0
# 
# AW.addr              | x
# AW.id                | x
# AW.len               | x
# AW.size              | x
# AW.burst             | x
# AW.lock              | x
# AW.cache             | x
# AW.prot              | x
# AW.valid             | x
# AW.ready             | 1
# 
# W.data               | x
# W.strb               | x
# W.last               | x
# W.valid              | x
# 
# AR.addr              | x
# AR.id                | x
# AR.len               | x
# AR.size              | x
# AR.burst             | x
# AR.lock              | x
# AR.cache             | x
# AR.prot              | x
# AR.valid             | x
# AR.ready             | 1
# 
# B.id                 | 0
# B.resp               | 0
# B.valid              | 0
# B.ready              | x
# 
# R.id                 | 0
# R.data               | 0
# R.resp               | 0
# R.last               | 0
# R.valid              | 0
# R.ready              | x
# 
# UVM_INFO /home/users/i77031/Work/AXI_full/uvm//axi_monitor.sv(61) @ 55000: uvm_test_top.axi_env_0.axi_agent_0.axi_monitor_0 [WRITE_MON] Completed write_in = '{0, 0, 0, 0, 0, 0, 0, 0, 0, 0}
# UVM_INFO /home/users/i77031/Work/AXI_full/uvm//axi_monitor.sv(58) @ 55000: uvm_test_top.axi_env_0.axi_agent_0.axi_monitor_0 [WRITE_MON] 
# mon_w_valid_o        | x
# mon_w_beat_count     | x
# mon_w_data_o         | x
# mon_w_addr_o         | x
# mon_r_last_o         | x
# mon_r_valid_o        | x
# mon_r_data_o         | x
# mon_r_addr_o         | x
# 
# AW.addr              | 24
# AW.id                | 0
# AW.len               | 3
# AW.size              | 2
# AW.burst             | 2
# AW.lock              | 0
# AW.cache             | 0
# AW.prot              | 0
# AW.valid             | 0
# AW.ready             | x
# 
# W.data               | 0
# W.strb               | 0
# W.last               | 0
# W.valid              | 0
# 
# AR.addr              | 0
# AR.id                | 0
# AR.len               | 0
# AR.size              | 0
# AR.burst             | 0
# AR.lock              | 0
# AR.cache             | 0
# AR.prot              | 0
# AR.valid             | 0
# AR.ready             | x
# 
# B.id                 | x
# B.resp               | x
# B.valid              | x
# B.ready              | 0
# 
# R.id                 | x
# R.data               | x
# R.resp               | x
# R.last               | x
# R.valid              | x
# R.ready              | 0
# 
# UVM_INFO /home/users/i77031/Work/AXI_full/uvm//axi_transaction.sv(394) @ 55000: uvm_test_top.axi_env_0.axi_agent_0.axi_sequencer_0@@axi_id_wr_rd_seq [WRITE_SEQ] Generating Multi-ID Write sequence, 2
# UVM_INFO /home/users/i77031/Work/AXI_full/uvm//axi_driver.sv(58) @ 60000: uvm_test_top.axi_env_0.axi_agent_0.axi_driver_0 [WRITE_DRIVER] Writing data channel
# UVM_INFO /home/users/i77031/Work/AXI_full/uvm//axi_driver.sv(93) @ 65000: uvm_test_top.axi_env_0.axi_agent_0.axi_driver_0 [WRITE_DRIVER] Got W Ready
# UVM_INFO /home/users/i77031/Work/AXI_full/uvm//axi_monitor.sv(61) @ 65000: uvm_test_top.axi_env_0.axi_agent_0.axi_monitor_0 [WRITE_MON] Completed write_in = '{0, 0, 0, 0, 0, 0, 0, 0, 0, 0}
# UVM_INFO /home/users/i77031/Work/AXI_full/uvm//axi_monitor.sv(161) @ 65000: uvm_test_top.axi_env_0.axi_agent_0.axi_monitor_0 [INPUT_MON] Burst data = '{3298, 0, 0, 0, 0, 0, 0, 0, 0, 0}
# UVM_INFO /home/users/i77031/Work/AXI_full/uvm//axi_monitor.sv(163) @ 65000: uvm_test_top.axi_env_0.axi_agent_0.axi_monitor_0 [INPUT_MON] W Phase beat number =  1
# UVM_INFO /home/users/i77031/Work/AXI_full/uvm//axi_monitor.sv(58) @ 65000: uvm_test_top.axi_env_0.axi_agent_0.axi_monitor_0 [WRITE_MON] 
# mon_w_valid_o        | x
# mon_w_beat_count     | x
# mon_w_data_o         | x
# mon_w_addr_o         | x
# mon_r_last_o         | x
# mon_r_valid_o        | x
# mon_r_data_o         | x
# mon_r_addr_o         | x
# 
# AW.addr              | 24
# AW.id                | 0
# AW.len               | 3
# AW.size              | 2
# AW.burst             | 2
# AW.lock              | 0
# AW.cache             | 0
# AW.prot              | 0
# AW.valid             | 0
# AW.ready             | x
# 
# W.data               | ce2
# W.strb               | f
# W.last               | 0
# W.valid              | 1
# 
# AR.addr              | 0
# AR.id                | 0
# AR.len               | 0
# AR.size              | 0
# AR.burst             | 0
# AR.lock              | 0
# AR.cache             | 0
# AR.prot              | 0
# AR.valid             | 0
# AR.ready             | x
# 
# B.id                 | x
# B.resp               | x
# B.valid              | x
# B.ready              | 1
# 
# R.id                 | x
# R.data               | x
# R.resp               | x
# R.last               | x
# R.valid              | x
# R.ready              | 0
# 
# UVM_INFO /home/users/i77031/Work/AXI_full/uvm//axi_monitor.sv(108) @ 65000: uvm_test_top.axi_env_0.axi_agent_0.axi_monitor_0 [READ_MON] Completed read_out = '{0, 0, 0, 0, 0, 0, 0, 0, 0, 0}
# UVM_INFO /home/users/i77031/Work/AXI_full/uvm//axi_monitor.sv(229) @ 65000: uvm_test_top.axi_env_0.axi_agent_0.axi_monitor_0 [READ_MON] AR Phase full = '{0, 0, 0, 0, 0, 0, 0, 0, 0, 0}
# UVM_INFO /home/users/i77031/Work/AXI_full/uvm//axi_monitor.sv(230) @ 65000: uvm_test_top.axi_env_0.axi_agent_0.axi_monitor_0 [READ_MON] R Phase full completed = '{0, 0, 0, 0, 0, 0, 0, 0, 0, 0}
# UVM_INFO /home/users/i77031/Work/AXI_full/uvm//axi_monitor.sv(105) @ 65000: uvm_test_top.axi_env_0.axi_agent_0.axi_monitor_0 [READ_MON] 
# mon_w_valid_o        | 0
# mon_w_beat_count     | 0
# mon_w_data_o         | 0
# mon_w_addr_o         | 0
# mon_r_last_o         | 0
# mon_r_valid_o        | 0
# mon_r_data_o         | 0
# mon_r_addr_o         | 0
# 
# AW.addr              | x
# AW.id                | x
# AW.len               | x
# AW.size              | x
# AW.burst             | x
# AW.lock              | x
# AW.cache             | x
# AW.prot              | x
# AW.valid             | x
# AW.ready             | 1
# 
# W.data               | x
# W.strb               | x
# W.last               | x
# W.valid              | x
# 
# AR.addr              | x
# AR.id                | x
# AR.len               | x
# AR.size              | x
# AR.burst             | x
# AR.lock              | x
# AR.cache             | x
# AR.prot              | x
# AR.valid             | x
# AR.ready             | 1
# 
# B.id                 | 0
# B.resp               | 0
# B.valid              | 0
# B.ready              | x
# 
# R.id                 | 0
# R.data               | 0
# R.resp               | 0
# R.last               | 0
# R.valid              | 0
# R.ready              | x
# 
# UVM_INFO /home/users/i77031/Work/AXI_full/uvm//axi_monitor.sv(108) @ 75000: uvm_test_top.axi_env_0.axi_agent_0.axi_monitor_0 [READ_MON] Completed read_out = '{0, 0, 0, 0, 0, 0, 0, 0, 0, 0}
# UVM_INFO /home/users/i77031/Work/AXI_full/uvm//axi_monitor.sv(229) @ 75000: uvm_test_top.axi_env_0.axi_agent_0.axi_monitor_0 [READ_MON] AR Phase full = '{0, 0, 0, 0, 0, 0, 0, 0, 0, 0}
# UVM_INFO /home/users/i77031/Work/AXI_full/uvm//axi_monitor.sv(230) @ 75000: uvm_test_top.axi_env_0.axi_agent_0.axi_monitor_0 [READ_MON] R Phase full completed = '{0, 0, 0, 0, 0, 0, 0, 0, 0, 0}
# UVM_INFO /home/users/i77031/Work/AXI_full/uvm//axi_monitor.sv(105) @ 75000: uvm_test_top.axi_env_0.axi_agent_0.axi_monitor_0 [READ_MON] 
# mon_w_valid_o        | 0
# mon_w_beat_count     | 0
# mon_w_data_o         | 0
# mon_w_addr_o         | 0
# mon_r_last_o         | 0
# mon_r_valid_o        | 0
# mon_r_data_o         | 0
# mon_r_addr_o         | 0
# 
# AW.addr              | x
# AW.id                | x
# AW.len               | x
# AW.size              | x
# AW.burst             | x
# AW.lock              | x
# AW.cache             | x
# AW.prot              | x
# AW.valid             | x
# AW.ready             | 1
# 
# W.data               | x
# W.strb               | x
# W.last               | x
# W.valid              | x
# 
# AR.addr              | x
# AR.id                | x
# AR.len               | x
# AR.size              | x
# AR.burst             | x
# AR.lock              | x
# AR.cache             | x
# AR.prot              | x
# AR.valid             | x
# AR.ready             | 1
# 
# B.id                 | 0
# B.resp               | 0
# B.valid              | 0
# B.ready              | x
# 
# R.id                 | 0
# R.data               | 0
# R.resp               | 0
# R.last               | 0
# R.valid              | 0
# R.ready              | x
# 
# UVM_INFO /home/users/i77031/Work/AXI_full/uvm//axi_monitor.sv(61) @ 75000: uvm_test_top.axi_env_0.axi_agent_0.axi_monitor_0 [WRITE_MON] Completed write_in = '{0, 0, 0, 0, 0, 0, 0, 0, 0, 0}
# UVM_INFO /home/users/i77031/Work/AXI_full/uvm//axi_monitor.sv(58) @ 75000: uvm_test_top.axi_env_0.axi_agent_0.axi_monitor_0 [WRITE_MON] 
# mon_w_valid_o        | x
# mon_w_beat_count     | x
# mon_w_data_o         | x
# mon_w_addr_o         | x
# mon_r_last_o         | x
# mon_r_valid_o        | x
# mon_r_data_o         | x
# mon_r_addr_o         | x
# 
# AW.addr              | 24
# AW.id                | 0
# AW.len               | 3
# AW.size              | 2
# AW.burst             | 2
# AW.lock              | 0
# AW.cache             | 0
# AW.prot              | 0
# AW.valid             | 0
# AW.ready             | x
# 
# W.data               | ce2
# W.strb               | f
# W.last               | 0
# W.valid              | 0
# 
# AR.addr              | 0
# AR.id                | 0
# AR.len               | 0
# AR.size              | 0
# AR.burst             | 0
# AR.lock              | 0
# AR.cache             | 0
# AR.prot              | 0
# AR.valid             | 0
# AR.ready             | x
# 
# B.id                 | x
# B.resp               | x
# B.valid              | x
# B.ready              | 1
# 
# R.id                 | x
# R.data               | x
# R.resp               | x
# R.last               | x
# R.valid              | x
# R.ready              | 0
# 
# UVM_INFO /home/users/i77031/Work/AXI_full/uvm//axi_driver.sv(93) @ 85000: uvm_test_top.axi_env_0.axi_agent_0.axi_driver_0 [WRITE_DRIVER] Got W Ready
# UVM_INFO /home/users/i77031/Work/AXI_full/uvm//axi_monitor.sv(61) @ 85000: uvm_test_top.axi_env_0.axi_agent_0.axi_monitor_0 [WRITE_MON] Completed write_in = '{0, 0, 0, 0, 0, 0, 0, 0, 0, 0}
# UVM_INFO /home/users/i77031/Work/AXI_full/uvm//axi_monitor.sv(161) @ 85000: uvm_test_top.axi_env_0.axi_agent_0.axi_monitor_0 [INPUT_MON] Burst data = '{3298, 36805, 0, 0, 0, 0, 0, 0, 0, 0}
# UVM_INFO /home/users/i77031/Work/AXI_full/uvm//axi_monitor.sv(163) @ 85000: uvm_test_top.axi_env_0.axi_agent_0.axi_monitor_0 [INPUT_MON] W Phase beat number =  2
# UVM_INFO /home/users/i77031/Work/AXI_full/uvm//axi_monitor.sv(58) @ 85000: uvm_test_top.axi_env_0.axi_agent_0.axi_monitor_0 [WRITE_MON] 
# mon_w_valid_o        | x
# mon_w_beat_count     | x
# mon_w_data_o         | x
# mon_w_addr_o         | x
# mon_r_last_o         | x
# mon_r_valid_o        | x
# mon_r_data_o         | x
# mon_r_addr_o         | x
# 
# AW.addr              | 24
# AW.id                | 0
# AW.len               | 3
# AW.size              | 2
# AW.burst             | 2
# AW.lock              | 0
# AW.cache             | 0
# AW.prot              | 0
# AW.valid             | 0
# AW.ready             | x
# 
# W.data               | 8fc5
# W.strb               | f
# W.last               | 0
# W.valid              | 1
# 
# AR.addr              | 0
# AR.id                | 0
# AR.len               | 0
# AR.size              | 0
# AR.burst             | 0
# AR.lock              | 0
# AR.cache             | 0
# AR.prot              | 0
# AR.valid             | 0
# AR.ready             | x
# 
# B.id                 | x
# B.resp               | x
# B.valid              | x
# B.ready              | 1
# 
# R.id                 | x
# R.data               | x
# R.resp               | x
# R.last               | x
# R.valid              | x
# R.ready              | 0
# 
# UVM_INFO /home/users/i77031/Work/AXI_full/uvm//axi_monitor.sv(108) @ 85000: uvm_test_top.axi_env_0.axi_agent_0.axi_monitor_0 [READ_MON] Completed read_out = '{0, 0, 0, 0, 0, 0, 0, 0, 0, 0}
# UVM_INFO /home/users/i77031/Work/AXI_full/uvm//axi_monitor.sv(229) @ 85000: uvm_test_top.axi_env_0.axi_agent_0.axi_monitor_0 [READ_MON] AR Phase full = '{0, 0, 0, 0, 0, 0, 0, 0, 0, 0}
# UVM_INFO /home/users/i77031/Work/AXI_full/uvm//axi_monitor.sv(230) @ 85000: uvm_test_top.axi_env_0.axi_agent_0.axi_monitor_0 [READ_MON] R Phase full completed = '{0, 0, 0, 0, 0, 0, 0, 0, 0, 0}
# UVM_INFO /home/users/i77031/Work/AXI_full/uvm//axi_monitor.sv(105) @ 85000: uvm_test_top.axi_env_0.axi_agent_0.axi_monitor_0 [READ_MON] 
# mon_w_valid_o        | 1
# mon_w_beat_count     | 0
# mon_w_data_o         | ce2
# mon_w_addr_o         | 0
# mon_r_last_o         | 0
# mon_r_valid_o        | 0
# mon_r_data_o         | 0
# mon_r_addr_o         | 0
# 
# AW.addr              | x
# AW.id                | x
# AW.len               | x
# AW.size              | x
# AW.burst             | x
# AW.lock              | x
# AW.cache             | x
# AW.prot              | x
# AW.valid             | x
# AW.ready             | 1
# 
# W.data               | x
# W.strb               | x
# W.last               | x
# W.valid              | x
# 
# AR.addr              | x
# AR.id                | x
# AR.len               | x
# AR.size              | x
# AR.burst             | x
# AR.lock              | x
# AR.cache             | x
# AR.prot              | x
# AR.valid             | x
# AR.ready             | 1
# 
# B.id                 | 0
# B.resp               | 0
# B.valid              | 0
# B.ready              | x
# 
# R.id                 | 0
# R.data               | 0
# R.resp               | 0
# R.last               | 0
# R.valid              | 0
# R.ready              | x
# 
# UVM_INFO /home/users/i77031/Work/AXI_full/uvm//axi_monitor.sv(108) @ 95000: uvm_test_top.axi_env_0.axi_agent_0.axi_monitor_0 [READ_MON] Completed read_out = '{0, 0, 0, 0, 0, 0, 0, 0, 0, 0}
# UVM_INFO /home/users/i77031/Work/AXI_full/uvm//axi_monitor.sv(229) @ 95000: uvm_test_top.axi_env_0.axi_agent_0.axi_monitor_0 [READ_MON] AR Phase full = '{0, 0, 0, 0, 0, 0, 0, 0, 0, 0}
# UVM_INFO /home/users/i77031/Work/AXI_full/uvm//axi_monitor.sv(230) @ 95000: uvm_test_top.axi_env_0.axi_agent_0.axi_monitor_0 [READ_MON] R Phase full completed = '{0, 0, 0, 0, 0, 0, 0, 0, 0, 0}
# UVM_INFO /home/users/i77031/Work/AXI_full/uvm//axi_monitor.sv(105) @ 95000: uvm_test_top.axi_env_0.axi_agent_0.axi_monitor_0 [READ_MON] 
# mon_w_valid_o        | 0
# mon_w_beat_count     | 0
# mon_w_data_o         | 0
# mon_w_addr_o         | 0
# mon_r_last_o         | 0
# mon_r_valid_o        | 0
# mon_r_data_o         | 0
# mon_r_addr_o         | 0
# 
# AW.addr              | x
# AW.id                | x
# AW.len               | x
# AW.size              | x
# AW.burst             | x
# AW.lock              | x
# AW.cache             | x
# AW.prot              | x
# AW.valid             | x
# AW.ready             | 1
# 
# W.data               | x
# W.strb               | x
# W.last               | x
# W.valid              | x
# 
# AR.addr              | x
# AR.id                | x
# AR.len               | x
# AR.size              | x
# AR.burst             | x
# AR.lock              | x
# AR.cache             | x
# AR.prot              | x
# AR.valid             | x
# AR.ready             | 1
# 
# B.id                 | 0
# B.resp               | 0
# B.valid              | 0
# B.ready              | x
# 
# R.id                 | 0
# R.data               | 0
# R.resp               | 0
# R.last               | 0
# R.valid              | 0
# R.ready              | x
# 
# UVM_INFO /home/users/i77031/Work/AXI_full/uvm//axi_monitor.sv(61) @ 95000: uvm_test_top.axi_env_0.axi_agent_0.axi_monitor_0 [WRITE_MON] Completed write_in = '{0, 0, 0, 0, 0, 0, 0, 0, 0, 0}
# UVM_INFO /home/users/i77031/Work/AXI_full/uvm//axi_monitor.sv(58) @ 95000: uvm_test_top.axi_env_0.axi_agent_0.axi_monitor_0 [WRITE_MON] 
# mon_w_valid_o        | x
# mon_w_beat_count     | x
# mon_w_data_o         | x
# mon_w_addr_o         | x
# mon_r_last_o         | x
# mon_r_valid_o        | x
# mon_r_data_o         | x
# mon_r_addr_o         | x
# 
# AW.addr              | 24
# AW.id                | 0
# AW.len               | 3
# AW.size              | 2
# AW.burst             | 2
# AW.lock              | 0
# AW.cache             | 0
# AW.prot              | 0
# AW.valid             | 0
# AW.ready             | x
# 
# W.data               | 8fc5
# W.strb               | f
# W.last               | 0
# W.valid              | 0
# 
# AR.addr              | 0
# AR.id                | 0
# AR.len               | 0
# AR.size              | 0
# AR.burst             | 0
# AR.lock              | 0
# AR.cache             | 0
# AR.prot              | 0
# AR.valid             | 0
# AR.ready             | x
# 
# B.id                 | x
# B.resp               | x
# B.valid              | x
# B.ready              | 1
# 
# R.id                 | x
# R.data               | x
# R.resp               | x
# R.last               | x
# R.valid              | x
# R.ready              | 0
# 
# UVM_INFO /home/users/i77031/Work/AXI_full/uvm//axi_driver.sv(93) @ 105000: uvm_test_top.axi_env_0.axi_agent_0.axi_driver_0 [WRITE_DRIVER] Got W Ready
# UVM_INFO /home/users/i77031/Work/AXI_full/uvm//axi_monitor.sv(61) @ 105000: uvm_test_top.axi_env_0.axi_agent_0.axi_monitor_0 [WRITE_MON] Completed write_in = '{0, 0, 0, 0, 0, 0, 0, 0, 0, 0}
# UVM_INFO /home/users/i77031/Work/AXI_full/uvm//axi_monitor.sv(161) @ 105000: uvm_test_top.axi_env_0.axi_agent_0.axi_monitor_0 [INPUT_MON] Burst data = '{3298, 36805, 43981, 0, 0, 0, 0, 0, 0, 0}
# UVM_INFO /home/users/i77031/Work/AXI_full/uvm//axi_monitor.sv(163) @ 105000: uvm_test_top.axi_env_0.axi_agent_0.axi_monitor_0 [INPUT_MON] W Phase beat number =  3
# UVM_INFO /home/users/i77031/Work/AXI_full/uvm//axi_monitor.sv(58) @ 105000: uvm_test_top.axi_env_0.axi_agent_0.axi_monitor_0 [WRITE_MON] 
# mon_w_valid_o        | x
# mon_w_beat_count     | x
# mon_w_data_o         | x
# mon_w_addr_o         | x
# mon_r_last_o         | x
# mon_r_valid_o        | x
# mon_r_data_o         | x
# mon_r_addr_o         | x
# 
# AW.addr              | 24
# AW.id                | 0
# AW.len               | 3
# AW.size              | 2
# AW.burst             | 2
# AW.lock              | 0
# AW.cache             | 0
# AW.prot              | 0
# AW.valid             | 0
# AW.ready             | x
# 
# W.data               | abcd
# W.strb               | f
# W.last               | 0
# W.valid              | 1
# 
# AR.addr              | 0
# AR.id                | 0
# AR.len               | 0
# AR.size              | 0
# AR.burst             | 0
# AR.lock              | 0
# AR.cache             | 0
# AR.prot              | 0
# AR.valid             | 0
# AR.ready             | x
# 
# B.id                 | x
# B.resp               | x
# B.valid              | x
# B.ready              | 1
# 
# R.id                 | x
# R.data               | x
# R.resp               | x
# R.last               | x
# R.valid              | x
# R.ready              | 0
# 
# UVM_INFO /home/users/i77031/Work/AXI_full/uvm//axi_monitor.sv(108) @ 105000: uvm_test_top.axi_env_0.axi_agent_0.axi_monitor_0 [READ_MON] Completed read_out = '{0, 0, 0, 0, 0, 0, 0, 0, 0, 0}
# UVM_INFO /home/users/i77031/Work/AXI_full/uvm//axi_monitor.sv(229) @ 105000: uvm_test_top.axi_env_0.axi_agent_0.axi_monitor_0 [READ_MON] AR Phase full = '{0, 0, 0, 0, 0, 0, 0, 0, 0, 0}
# UVM_INFO /home/users/i77031/Work/AXI_full/uvm//axi_monitor.sv(230) @ 105000: uvm_test_top.axi_env_0.axi_agent_0.axi_monitor_0 [READ_MON] R Phase full completed = '{0, 0, 0, 0, 0, 0, 0, 0, 0, 0}
# UVM_INFO /home/users/i77031/Work/AXI_full/uvm//axi_monitor.sv(105) @ 105000: uvm_test_top.axi_env_0.axi_agent_0.axi_monitor_0 [READ_MON] 
# mon_w_valid_o        | 1
# mon_w_beat_count     | 1
# mon_w_data_o         | 8fc5
# mon_w_addr_o         | 4
# mon_r_last_o         | 0
# mon_r_valid_o        | 0
# mon_r_data_o         | 0
# mon_r_addr_o         | 0
# 
# AW.addr              | x
# AW.id                | x
# AW.len               | x
# AW.size              | x
# AW.burst             | x
# AW.lock              | x
# AW.cache             | x
# AW.prot              | x
# AW.valid             | x
# AW.ready             | 1
# 
# W.data               | x
# W.strb               | x
# W.last               | x
# W.valid              | x
# 
# AR.addr              | x
# AR.id                | x
# AR.len               | x
# AR.size              | x
# AR.burst             | x
# AR.lock              | x
# AR.cache             | x
# AR.prot              | x
# AR.valid             | x
# AR.ready             | 1
# 
# B.id                 | 0
# B.resp               | 0
# B.valid              | 0
# B.ready              | x
# 
# R.id                 | 0
# R.data               | 0
# R.resp               | 0
# R.last               | 0
# R.valid              | 0
# R.ready              | x
# 
# UVM_INFO /home/users/i77031/Work/AXI_full/uvm//axi_monitor.sv(108) @ 115000: uvm_test_top.axi_env_0.axi_agent_0.axi_monitor_0 [READ_MON] Completed read_out = '{0, 0, 0, 0, 0, 0, 0, 0, 0, 0}
# UVM_INFO /home/users/i77031/Work/AXI_full/uvm//axi_monitor.sv(229) @ 115000: uvm_test_top.axi_env_0.axi_agent_0.axi_monitor_0 [READ_MON] AR Phase full = '{0, 0, 0, 0, 0, 0, 0, 0, 0, 0}
# UVM_INFO /home/users/i77031/Work/AXI_full/uvm//axi_monitor.sv(230) @ 115000: uvm_test_top.axi_env_0.axi_agent_0.axi_monitor_0 [READ_MON] R Phase full completed = '{0, 0, 0, 0, 0, 0, 0, 0, 0, 0}
# UVM_INFO /home/users/i77031/Work/AXI_full/uvm//axi_monitor.sv(105) @ 115000: uvm_test_top.axi_env_0.axi_agent_0.axi_monitor_0 [READ_MON] 
# mon_w_valid_o        | 0
# mon_w_beat_count     | 0
# mon_w_data_o         | 0
# mon_w_addr_o         | 0
# mon_r_last_o         | 0
# mon_r_valid_o        | 0
# mon_r_data_o         | 0
# mon_r_addr_o         | 0
# 
# AW.addr              | x
# AW.id                | x
# AW.len               | x
# AW.size              | x
# AW.burst             | x
# AW.lock              | x
# AW.cache             | x
# AW.prot              | x
# AW.valid             | x
# AW.ready             | 1
# 
# W.data               | x
# W.strb               | x
# W.last               | x
# W.valid              | x
# 
# AR.addr              | x
# AR.id                | x
# AR.len               | x
# AR.size              | x
# AR.burst             | x
# AR.lock              | x
# AR.cache             | x
# AR.prot              | x
# AR.valid             | x
# AR.ready             | 1
# 
# B.id                 | 0
# B.resp               | 0
# B.valid              | 0
# B.ready              | x
# 
# R.id                 | 0
# R.data               | 0
# R.resp               | 0
# R.last               | 0
# R.valid              | 0
# R.ready              | x
# 
# UVM_INFO /home/users/i77031/Work/AXI_full/uvm//axi_monitor.sv(61) @ 115000: uvm_test_top.axi_env_0.axi_agent_0.axi_monitor_0 [WRITE_MON] Completed write_in = '{0, 0, 0, 0, 0, 0, 0, 0, 0, 0}
# UVM_INFO /home/users/i77031/Work/AXI_full/uvm//axi_monitor.sv(58) @ 115000: uvm_test_top.axi_env_0.axi_agent_0.axi_monitor_0 [WRITE_MON] 
# mon_w_valid_o        | x
# mon_w_beat_count     | x
# mon_w_data_o         | x
# mon_w_addr_o         | x
# mon_r_last_o         | x
# mon_r_valid_o        | x
# mon_r_data_o         | x
# mon_r_addr_o         | x
# 
# AW.addr              | 24
# AW.id                | 0
# AW.len               | 3
# AW.size              | 2
# AW.burst             | 2
# AW.lock              | 0
# AW.cache             | 0
# AW.prot              | 0
# AW.valid             | 0
# AW.ready             | x
# 
# W.data               | abcd
# W.strb               | f
# W.last               | 0
# W.valid              | 0
# 
# AR.addr              | 0
# AR.id                | 0
# AR.len               | 0
# AR.size              | 0
# AR.burst             | 0
# AR.lock              | 0
# AR.cache             | 0
# AR.prot              | 0
# AR.valid             | 0
# AR.ready             | x
# 
# B.id                 | x
# B.resp               | x
# B.valid              | x
# B.ready              | 1
# 
# R.id                 | x
# R.data               | x
# R.resp               | x
# R.last               | x
# R.valid              | x
# R.ready              | 0
# 
# UVM_INFO /home/users/i77031/Work/AXI_full/uvm//axi_driver.sv(93) @ 125000: uvm_test_top.axi_env_0.axi_agent_0.axi_driver_0 [WRITE_DRIVER] Got W Ready
# UVM_INFO /home/users/i77031/Work/AXI_full/uvm//axi_monitor.sv(61) @ 125000: uvm_test_top.axi_env_0.axi_agent_0.axi_monitor_0 [WRITE_MON] Completed write_in = '{0, 0, 0, 0, 0, 0, 0, 0, 0, 0}
# UVM_INFO /home/users/i77031/Work/AXI_full/uvm//axi_monitor.sv(161) @ 125000: uvm_test_top.axi_env_0.axi_agent_0.axi_monitor_0 [INPUT_MON] Burst data = '{3298, 36805, 43981, 25762, 0, 0, 0, 0, 0, 0}
# UVM_INFO /home/users/i77031/Work/AXI_full/uvm//axi_monitor.sv(163) @ 125000: uvm_test_top.axi_env_0.axi_agent_0.axi_monitor_0 [INPUT_MON] W Phase beat number =  4
# UVM_INFO /home/users/i77031/Work/AXI_full/uvm//axi_monitor.sv(167) @ 125000: uvm_test_top.axi_env_0.axi_agent_0.axi_monitor_0 [INPUT_MON] W Phase completed = 1
# UVM_INFO /home/users/i77031/Work/AXI_full/uvm//axi_monitor.sv(58) @ 125000: uvm_test_top.axi_env_0.axi_agent_0.axi_monitor_0 [WRITE_MON] 
# mon_w_valid_o        | x
# mon_w_beat_count     | x
# mon_w_data_o         | x
# mon_w_addr_o         | x
# mon_r_last_o         | x
# mon_r_valid_o        | x
# mon_r_data_o         | x
# mon_r_addr_o         | x
# 
# AW.addr              | 24
# AW.id                | 0
# AW.len               | 3
# AW.size              | 2
# AW.burst             | 2
# AW.lock              | 0
# AW.cache             | 0
# AW.prot              | 0
# AW.valid             | 0
# AW.ready             | x
# 
# W.data               | 64a2
# W.strb               | f
# W.last               | 1
# W.valid              | 1
# 
# AR.addr              | 0
# AR.id                | 0
# AR.len               | 0
# AR.size              | 0
# AR.burst             | 0
# AR.lock              | 0
# AR.cache             | 0
# AR.prot              | 0
# AR.valid             | 0
# AR.ready             | x
# 
# B.id                 | x
# B.resp               | x
# B.valid              | x
# B.ready              | 1
# 
# R.id                 | x
# R.data               | x
# R.resp               | x
# R.last               | x
# R.valid              | x
# R.ready              | 0
# 
# UVM_INFO /home/users/i77031/Work/AXI_full/uvm//axi_monitor.sv(108) @ 125000: uvm_test_top.axi_env_0.axi_agent_0.axi_monitor_0 [READ_MON] Completed read_out = '{0, 0, 0, 0, 0, 0, 0, 0, 0, 0}
# UVM_INFO /home/users/i77031/Work/AXI_full/uvm//axi_monitor.sv(229) @ 125000: uvm_test_top.axi_env_0.axi_agent_0.axi_monitor_0 [READ_MON] AR Phase full = '{0, 0, 0, 0, 0, 0, 0, 0, 0, 0}
# UVM_INFO /home/users/i77031/Work/AXI_full/uvm//axi_monitor.sv(230) @ 125000: uvm_test_top.axi_env_0.axi_agent_0.axi_monitor_0 [READ_MON] R Phase full completed = '{0, 0, 0, 0, 0, 0, 0, 0, 0, 0}
# UVM_INFO /home/users/i77031/Work/AXI_full/uvm//axi_monitor.sv(105) @ 125000: uvm_test_top.axi_env_0.axi_agent_0.axi_monitor_0 [READ_MON] 
# mon_w_valid_o        | 1
# mon_w_beat_count     | 2
# mon_w_data_o         | abcd
# mon_w_addr_o         | 8
# mon_r_last_o         | 0
# mon_r_valid_o        | 0
# mon_r_data_o         | 0
# mon_r_addr_o         | 0
# 
# AW.addr              | x
# AW.id                | x
# AW.len               | x
# AW.size              | x
# AW.burst             | x
# AW.lock              | x
# AW.cache             | x
# AW.prot              | x
# AW.valid             | x
# AW.ready             | 1
# 
# W.data               | x
# W.strb               | x
# W.last               | x
# W.valid              | x
# 
# AR.addr              | x
# AR.id                | x
# AR.len               | x
# AR.size              | x
# AR.burst             | x
# AR.lock              | x
# AR.cache             | x
# AR.prot              | x
# AR.valid             | x
# AR.ready             | 1
# 
# B.id                 | 0
# B.resp               | 0
# B.valid              | 0
# B.ready              | x
# 
# R.id                 | 0
# R.data               | 0
# R.resp               | 0
# R.last               | 0
# R.valid              | 0
# R.ready              | x
# 
# UVM_INFO /home/users/i77031/Work/AXI_full/uvm//axi_monitor.sv(108) @ 135000: uvm_test_top.axi_env_0.axi_agent_0.axi_monitor_0 [READ_MON] Completed read_out = '{0, 0, 0, 0, 0, 0, 0, 0, 0, 0}
# UVM_INFO /home/users/i77031/Work/AXI_full/uvm//axi_monitor.sv(229) @ 135000: uvm_test_top.axi_env_0.axi_agent_0.axi_monitor_0 [READ_MON] AR Phase full = '{0, 0, 0, 0, 0, 0, 0, 0, 0, 0}
# UVM_INFO /home/users/i77031/Work/AXI_full/uvm//axi_monitor.sv(230) @ 135000: uvm_test_top.axi_env_0.axi_agent_0.axi_monitor_0 [READ_MON] R Phase full completed = '{0, 0, 0, 0, 0, 0, 0, 0, 0, 0}
# UVM_INFO /home/users/i77031/Work/AXI_full/uvm//axi_monitor.sv(105) @ 135000: uvm_test_top.axi_env_0.axi_agent_0.axi_monitor_0 [READ_MON] 
# mon_w_valid_o        | 0
# mon_w_beat_count     | 0
# mon_w_data_o         | 0
# mon_w_addr_o         | 0
# mon_r_last_o         | 0
# mon_r_valid_o        | 0
# mon_r_data_o         | 0
# mon_r_addr_o         | 0
# 
# AW.addr              | x
# AW.id                | x
# AW.len               | x
# AW.size              | x
# AW.burst             | x
# AW.lock              | x
# AW.cache             | x
# AW.prot              | x
# AW.valid             | x
# AW.ready             | 1
# 
# W.data               | x
# W.strb               | x
# W.last               | x
# W.valid              | x
# 
# AR.addr              | x
# AR.id                | x
# AR.len               | x
# AR.size              | x
# AR.burst             | x
# AR.lock              | x
# AR.cache             | x
# AR.prot              | x
# AR.valid             | x
# AR.ready             | 1
# 
# B.id                 | 0
# B.resp               | 0
# B.valid              | 0
# B.ready              | x
# 
# R.id                 | 0
# R.data               | 0
# R.resp               | 0
# R.last               | 0
# R.valid              | 0
# R.ready              | x
# 
# UVM_INFO /home/users/i77031/Work/AXI_full/uvm//axi_monitor.sv(61) @ 135000: uvm_test_top.axi_env_0.axi_agent_0.axi_monitor_0 [WRITE_MON] Completed write_in = '{0, 1, 0, 0, 0, 0, 0, 0, 0, 0}
# UVM_INFO /home/users/i77031/Work/AXI_full/uvm//axi_monitor.sv(65) @ 135000: uvm_test_top.axi_env_0.axi_agent_0.axi_monitor_0 [WRITE_MON] Burst data copying
# UVM_INFO /home/users/i77031/Work/AXI_full/uvm//axi_monitor.sv(66) @ 135000: uvm_test_top.axi_env_0.axi_agent_0.axi_monitor_0 [WRITE_MON] '{0, 4, 0, 0, 0, 0, 0, 0, 0, 0}
# UVM_INFO /home/users/i77031/Work/AXI_full/uvm//axi_monitor.sv(82) @ 135000: uvm_test_top.axi_env_0.axi_agent_0.axi_monitor_0 [WRITE_MON] Burst data = '{3298, 36805, 43981, 25762, x, x, x, x, x, x}
# UVM_INFO /home/users/i77031/Work/AXI_full/uvm//axi_monitor.sv(83) @ 135000: uvm_test_top.axi_env_0.axi_agent_0.axi_monitor_0 [WRITE_MON] Read Write = 1
# UVM_INFO /home/users/i77031/Work/AXI_full/uvm//axi_monitor.sv(84) @ 135000: uvm_test_top.axi_env_0.axi_agent_0.axi_monitor_0 [WRITE_MON] 
# mon_w_valid_o        | x
# mon_w_beat_count     | x
# mon_w_data_o         | x
# mon_w_addr_o         | x
# mon_r_last_o         | x
# mon_r_valid_o        | x
# mon_r_data_o         | x
# mon_r_addr_o         | x
# 
# AW.addr              | 0
# AW.id                | 1
# AW.len               | 3
# AW.size              | 2
# AW.burst             | 2
# AW.lock              | 0
# AW.cache             | 0
# AW.prot              | 0
# AW.valid             | 0
# AW.ready             | x
# 
# W.data               | 64a2
# W.strb               | f
# W.last               | 1
# W.valid              | 1
# 
# AR.addr              | 0
# AR.id                | 0
# AR.len               | 0
# AR.size              | 0
# AR.burst             | 0
# AR.lock              | 0
# AR.cache             | 0
# AR.prot              | 0
# AR.valid             | 0
# AR.ready             | x
# 
# B.id                 | x
# B.resp               | x
# B.valid              | x
# B.ready              | 1
# 
# R.id                 | x
# R.data               | x
# R.resp               | x
# R.last               | x
# R.valid              | x
# R.ready              | 0
# 
# UVM_INFO /home/users/i77031/Work/AXI_full/uvm//axi_monitor.sv(85) @ 135000: uvm_test_top.axi_env_0.axi_agent_0.axi_monitor_0 [WRITE_MON] Addr=0x0
# UVM_INFO /home/users/i77031/Work/AXI_full/uvm//axi_monitor.sv(58) @ 135000: uvm_test_top.axi_env_0.axi_agent_0.axi_monitor_0 [WRITE_MON] 
# mon_w_valid_o        | x
# mon_w_beat_count     | x
# mon_w_data_o         | x
# mon_w_addr_o         | x
# mon_r_last_o         | x
# mon_r_valid_o        | x
# mon_r_data_o         | x
# mon_r_addr_o         | x
# 
# AW.addr              | 24
# AW.id                | 0
# AW.len               | 3
# AW.size              | 2
# AW.burst             | 2
# AW.lock              | 0
# AW.cache             | 0
# AW.prot              | 0
# AW.valid             | 0
# AW.ready             | x
# 
# W.data               | 64a2
# W.strb               | f
# W.last               | 1
# W.valid              | 0
# 
# AR.addr              | 0
# AR.id                | 0
# AR.len               | 0
# AR.size              | 0
# AR.burst             | 0
# AR.lock              | 0
# AR.cache             | 0
# AR.prot              | 0
# AR.valid             | 0
# AR.ready             | x
# 
# B.id                 | x
# B.resp               | x
# B.valid              | x
# B.ready              | 1
# 
# R.id                 | x
# R.data               | x
# R.resp               | x
# R.last               | x
# R.valid              | x
# R.ready              | 0
# 
# UVM_INFO /home/users/i77031/Work/AXI_full/uvm//axi_scoreboard.sv(100) @ 135000: uvm_test_top.axi_env_0.axi_scoreboard_0 [SCOREBOARD_TX_IN] 
# mon_w_valid_o        | x
# mon_w_beat_count     | x
# mon_w_data_o         | x
# mon_w_addr_o         | x
# mon_r_last_o         | x
# mon_r_valid_o        | x
# mon_r_data_o         | x
# mon_r_addr_o         | x
# 
# AW.addr              | 0
# AW.id                | 1
# AW.len               | 3
# AW.size              | 2
# AW.burst             | 2
# AW.lock              | 0
# AW.cache             | 0
# AW.prot              | 0
# AW.valid             | 0
# AW.ready             | x
# 
# W.data               | 64a2
# W.strb               | f
# W.last               | 1
# W.valid              | 1
# 
# AR.addr              | 0
# AR.id                | 0
# AR.len               | 0
# AR.size              | 0
# AR.burst             | 0
# AR.lock              | 0
# AR.cache             | 0
# AR.prot              | 0
# AR.valid             | 0
# AR.ready             | x
# 
# B.id                 | x
# B.resp               | x
# B.valid              | x
# B.ready              | 1
# 
# R.id                 | x
# R.data               | x
# R.resp               | x
# R.last               | x
# R.valid              | x
# R.ready              | 0
# 
# UVM_INFO /home/users/i77031/Work/AXI_full/uvm//axi_scoreboard.sv(154) @ 135000: uvm_test_top.axi_env_0.axi_scoreboard_0 [SCOREBOARD_AW] 
# mon_w_valid_o        | x
# mon_w_beat_count     | x
# mon_w_data_o         | x
# mon_w_addr_o         | x
# mon_r_last_o         | x
# mon_r_valid_o        | x
# mon_r_data_o         | x
# mon_r_addr_o         | x
# 
# AW.addr              | 0
# AW.id                | 1
# AW.len               | 3
# AW.size              | 2
# AW.burst             | 2
# AW.lock              | 0
# AW.cache             | 0
# AW.prot              | 0
# AW.valid             | 0
# AW.ready             | x
# 
# W.data               | 64a2
# W.strb               | f
# W.last               | 1
# W.valid              | 1
# 
# AR.addr              | 0
# AR.id                | 0
# AR.len               | 0
# AR.size              | 0
# AR.burst             | 0
# AR.lock              | 0
# AR.cache             | 0
# AR.prot              | 0
# AR.valid             | 0
# AR.ready             | x
# 
# B.id                 | x
# B.resp               | x
# B.valid              | x
# B.ready              | 1
# 
# R.id                 | x
# R.data               | x
# R.resp               | x
# R.last               | x
# R.valid              | x
# R.ready              | 0
# 
# UVM_INFO /home/users/i77031/Work/AXI_full/uvm//axi_scoreboard.sv(157) @ 135000: uvm_test_top.axi_env_0.axi_scoreboard_0 [SCOREBOARD_AW] Write Burst type = 10
# UVM_INFO /home/users/i77031/Work/AXI_full/uvm//axi_scoreboard.sv(174) @ 135000: uvm_test_top.axi_env_0.axi_scoreboard_0 [SCOREBOARD_AW] Calculating burst addr for wrapping burst
# UVM_INFO /home/users/i77031/Work/AXI_full/uvm//axi_scoreboard.sv(177) @ 135000: uvm_test_top.axi_env_0.axi_scoreboard_0 [SCOREBOARD_AW] Wrap boundary =         16
# UVM_INFO /home/users/i77031/Work/AXI_full/uvm//axi_scoreboard.sv(178) @ 135000: uvm_test_top.axi_env_0.axi_scoreboard_0 [SCOREBOARD_AW] Wrapping burst addr =          4
# UVM_INFO /home/users/i77031/Work/AXI_full/uvm//axi_scoreboard.sv(202) @ 135000: uvm_test_top.axi_env_0.axi_scoreboard_0 [SCOREBOARD_W] Wrapping burst
# UVM_INFO /home/users/i77031/Work/AXI_full/uvm//axi_scoreboard.sv(203) @ 135000: uvm_test_top.axi_env_0.axi_scoreboard_0 [SCOREBOARD_W] Burst data = '{3298, 36805, 43981, 25762, x, x, x, x, x, x}
# UVM_INFO /home/users/i77031/Work/AXI_full/uvm//axi_scoreboard.sv(204) @ 135000: uvm_test_top.axi_env_0.axi_scoreboard_0 [SCOREBOARD_W] Single data = 0xce2
# UVM_INFO /home/users/i77031/Work/AXI_full/uvm//axi_scoreboard.sv(207) @ 135000: uvm_test_top.axi_env_0.axi_scoreboard_0 [SCOREBOARD_W] Addr = 0x0
# UVM_INFO /home/users/i77031/Work/AXI_full/uvm//axi_scoreboard.sv(208) @ 135000: uvm_test_top.axi_env_0.axi_scoreboard_0 [SCOREBOARD_W] Item Queue = 0xce2
# UVM_INFO /home/users/i77031/Work/AXI_full/uvm//axi_scoreboard.sv(202) @ 135000: uvm_test_top.axi_env_0.axi_scoreboard_0 [SCOREBOARD_W] Wrapping burst
# UVM_INFO /home/users/i77031/Work/AXI_full/uvm//axi_scoreboard.sv(203) @ 135000: uvm_test_top.axi_env_0.axi_scoreboard_0 [SCOREBOARD_W] Burst data = '{3298, 36805, 43981, 25762, x, x, x, x, x, x}
# UVM_INFO /home/users/i77031/Work/AXI_full/uvm//axi_scoreboard.sv(204) @ 135000: uvm_test_top.axi_env_0.axi_scoreboard_0 [SCOREBOARD_W] Single data = 0x8fc5
# UVM_INFO /home/users/i77031/Work/AXI_full/uvm//axi_scoreboard.sv(207) @ 135000: uvm_test_top.axi_env_0.axi_scoreboard_0 [SCOREBOARD_W] Addr = 0x4
# UVM_INFO /home/users/i77031/Work/AXI_full/uvm//axi_scoreboard.sv(208) @ 135000: uvm_test_top.axi_env_0.axi_scoreboard_0 [SCOREBOARD_W] Item Queue = 0x8fc5
# UVM_INFO /home/users/i77031/Work/AXI_full/uvm//axi_scoreboard.sv(202) @ 135000: uvm_test_top.axi_env_0.axi_scoreboard_0 [SCOREBOARD_W] Wrapping burst
# UVM_INFO /home/users/i77031/Work/AXI_full/uvm//axi_scoreboard.sv(203) @ 135000: uvm_test_top.axi_env_0.axi_scoreboard_0 [SCOREBOARD_W] Burst data = '{3298, 36805, 43981, 25762, x, x, x, x, x, x}
# UVM_INFO /home/users/i77031/Work/AXI_full/uvm//axi_scoreboard.sv(204) @ 135000: uvm_test_top.axi_env_0.axi_scoreboard_0 [SCOREBOARD_W] Single data = 0xabcd
# UVM_INFO /home/users/i77031/Work/AXI_full/uvm//axi_scoreboard.sv(207) @ 135000: uvm_test_top.axi_env_0.axi_scoreboard_0 [SCOREBOARD_W] Addr = 0x8
# UVM_INFO /home/users/i77031/Work/AXI_full/uvm//axi_scoreboard.sv(208) @ 135000: uvm_test_top.axi_env_0.axi_scoreboard_0 [SCOREBOARD_W] Item Queue = 0xabcd
# UVM_INFO /home/users/i77031/Work/AXI_full/uvm//axi_scoreboard.sv(202) @ 135000: uvm_test_top.axi_env_0.axi_scoreboard_0 [SCOREBOARD_W] Wrapping burst
# UVM_INFO /home/users/i77031/Work/AXI_full/uvm//axi_scoreboard.sv(203) @ 135000: uvm_test_top.axi_env_0.axi_scoreboard_0 [SCOREBOARD_W] Burst data = '{3298, 36805, 43981, 25762, x, x, x, x, x, x}
# UVM_INFO /home/users/i77031/Work/AXI_full/uvm//axi_scoreboard.sv(204) @ 135000: uvm_test_top.axi_env_0.axi_scoreboard_0 [SCOREBOARD_W] Single data = 0x64a2
# UVM_INFO /home/users/i77031/Work/AXI_full/uvm//axi_scoreboard.sv(207) @ 135000: uvm_test_top.axi_env_0.axi_scoreboard_0 [SCOREBOARD_W] Addr = 0xc
# UVM_INFO /home/users/i77031/Work/AXI_full/uvm//axi_scoreboard.sv(208) @ 135000: uvm_test_top.axi_env_0.axi_scoreboard_0 [SCOREBOARD_W] Item Queue = 0x64a2
# UVM_INFO /home/users/i77031/Work/AXI_full/uvm//axi_driver.sv(106) @ 145000: uvm_test_top.axi_env_0.axi_agent_0.axi_driver_0 [WRITE_DRIVER] Got B Valid
# UVM_INFO /home/users/i77031/Work/AXI_full/uvm//axi_monitor.sv(61) @ 145000: uvm_test_top.axi_env_0.axi_agent_0.axi_monitor_0 [WRITE_MON] Completed write_in = '{0, 0, 0, 0, 0, 0, 0, 0, 0, 0}
# UVM_INFO /home/users/i77031/Work/AXI_full/uvm//axi_monitor.sv(58) @ 145000: uvm_test_top.axi_env_0.axi_agent_0.axi_monitor_0 [WRITE_MON] 
# mon_w_valid_o        | x
# mon_w_beat_count     | x
# mon_w_data_o         | x
# mon_w_addr_o         | x
# mon_r_last_o         | x
# mon_r_valid_o        | x
# mon_r_data_o         | x
# mon_r_addr_o         | x
# 
# AW.addr              | 24
# AW.id                | 0
# AW.len               | 3
# AW.size              | 2
# AW.burst             | 2
# AW.lock              | 0
# AW.cache             | 0
# AW.prot              | 0
# AW.valid             | 0
# AW.ready             | x
# 
# W.data               | 64a2
# W.strb               | f
# W.last               | 1
# W.valid              | 0
# 
# AR.addr              | 0
# AR.id                | 0
# AR.len               | 0
# AR.size              | 0
# AR.burst             | 0
# AR.lock              | 0
# AR.cache             | 0
# AR.prot              | 0
# AR.valid             | 0
# AR.ready             | x
# 
# B.id                 | x
# B.resp               | x
# B.valid              | x
# B.ready              | 1
# 
# R.id                 | x
# R.data               | x
# R.resp               | x
# R.last               | x
# R.valid              | x
# R.ready              | 0
# 
# UVM_INFO /home/users/i77031/Work/AXI_full/uvm//axi_monitor.sv(108) @ 145000: uvm_test_top.axi_env_0.axi_agent_0.axi_monitor_0 [READ_MON] Completed read_out = '{0, 0, 0, 0, 0, 0, 0, 0, 0, 0}
# UVM_INFO /home/users/i77031/Work/AXI_full/uvm//axi_monitor.sv(229) @ 145000: uvm_test_top.axi_env_0.axi_agent_0.axi_monitor_0 [READ_MON] AR Phase full = '{0, 0, 0, 0, 0, 0, 0, 0, 0, 0}
# UVM_INFO /home/users/i77031/Work/AXI_full/uvm//axi_monitor.sv(230) @ 145000: uvm_test_top.axi_env_0.axi_agent_0.axi_monitor_0 [READ_MON] R Phase full completed = '{0, 0, 0, 0, 0, 0, 0, 0, 0, 0}
# UVM_INFO /home/users/i77031/Work/AXI_full/uvm//axi_monitor.sv(105) @ 145000: uvm_test_top.axi_env_0.axi_agent_0.axi_monitor_0 [READ_MON] 
# mon_w_valid_o        | 1
# mon_w_beat_count     | 3
# mon_w_data_o         | 64a2
# mon_w_addr_o         | c
# mon_r_last_o         | 0
# mon_r_valid_o        | 0
# mon_r_data_o         | 0
# mon_r_addr_o         | 0
# 
# AW.addr              | x
# AW.id                | x
# AW.len               | x
# AW.size              | x
# AW.burst             | x
# AW.lock              | x
# AW.cache             | x
# AW.prot              | x
# AW.valid             | x
# AW.ready             | 1
# 
# W.data               | x
# W.strb               | x
# W.last               | x
# W.valid              | x
# 
# AR.addr              | x
# AR.id                | x
# AR.len               | x
# AR.size              | x
# AR.burst             | x
# AR.lock              | x
# AR.cache             | x
# AR.prot              | x
# AR.valid             | x
# AR.ready             | 1
# 
# B.id                 | 1
# B.resp               | 0
# B.valid              | 1
# B.ready              | x
# 
# R.id                 | 0
# R.data               | 0
# R.resp               | 0
# R.last               | 0
# R.valid              | 0
# R.ready              | x
# 
# UVM_INFO /home/users/i77031/Work/AXI_full/uvm//axi_monitor.sv(108) @ 155000: uvm_test_top.axi_env_0.axi_agent_0.axi_monitor_0 [READ_MON] Completed read_out = '{0, 0, 0, 0, 0, 0, 0, 0, 0, 0}
# UVM_INFO /home/users/i77031/Work/AXI_full/uvm//axi_monitor.sv(229) @ 155000: uvm_test_top.axi_env_0.axi_agent_0.axi_monitor_0 [READ_MON] AR Phase full = '{0, 0, 0, 0, 0, 0, 0, 0, 0, 0}
# UVM_INFO /home/users/i77031/Work/AXI_full/uvm//axi_monitor.sv(230) @ 155000: uvm_test_top.axi_env_0.axi_agent_0.axi_monitor_0 [READ_MON] R Phase full completed = '{0, 0, 0, 0, 0, 0, 0, 0, 0, 0}
# UVM_INFO /home/users/i77031/Work/AXI_full/uvm//axi_monitor.sv(105) @ 155000: uvm_test_top.axi_env_0.axi_agent_0.axi_monitor_0 [READ_MON] 
# mon_w_valid_o        | 0
# mon_w_beat_count     | 0
# mon_w_data_o         | 0
# mon_w_addr_o         | 0
# mon_r_last_o         | 0
# mon_r_valid_o        | 0
# mon_r_data_o         | 0
# mon_r_addr_o         | 0
# 
# AW.addr              | x
# AW.id                | x
# AW.len               | x
# AW.size              | x
# AW.burst             | x
# AW.lock              | x
# AW.cache             | x
# AW.prot              | x
# AW.valid             | x
# AW.ready             | 1
# 
# W.data               | x
# W.strb               | x
# W.last               | x
# W.valid              | x
# 
# AR.addr              | x
# AR.id                | x
# AR.len               | x
# AR.size              | x
# AR.burst             | x
# AR.lock              | x
# AR.cache             | x
# AR.prot              | x
# AR.valid             | x
# AR.ready             | 1
# 
# B.id                 | 1
# B.resp               | 0
# B.valid              | 0
# B.ready              | x
# 
# R.id                 | 0
# R.data               | 0
# R.resp               | 0
# R.last               | 0
# R.valid              | 0
# R.ready              | x
# 
# UVM_INFO /home/users/i77031/Work/AXI_full/uvm//axi_monitor.sv(61) @ 155000: uvm_test_top.axi_env_0.axi_agent_0.axi_monitor_0 [WRITE_MON] Completed write_in = '{0, 0, 0, 0, 0, 0, 0, 0, 0, 0}
# UVM_INFO /home/users/i77031/Work/AXI_full/uvm//axi_monitor.sv(58) @ 155000: uvm_test_top.axi_env_0.axi_agent_0.axi_monitor_0 [WRITE_MON] 
# mon_w_valid_o        | x
# mon_w_beat_count     | x
# mon_w_data_o         | x
# mon_w_addr_o         | x
# mon_r_last_o         | x
# mon_r_valid_o        | x
# mon_r_data_o         | x
# mon_r_addr_o         | x
# 
# AW.addr              | 24
# AW.id                | 0
# AW.len               | 3
# AW.size              | 2
# AW.burst             | 2
# AW.lock              | 0
# AW.cache             | 0
# AW.prot              | 0
# AW.valid             | 0
# AW.ready             | x
# 
# W.data               | 64a2
# W.strb               | f
# W.last               | 1
# W.valid              | 0
# 
# AR.addr              | 0
# AR.id                | 0
# AR.len               | 0
# AR.size              | 0
# AR.burst             | 0
# AR.lock              | 0
# AR.cache             | 0
# AR.prot              | 0
# AR.valid             | 0
# AR.ready             | x
# 
# B.id                 | x
# B.resp               | x
# B.valid              | x
# B.ready              | 0
# 
# R.id                 | x
# R.data               | x
# R.resp               | x
# R.last               | x
# R.valid              | x
# R.ready              | 0
# 
# UVM_INFO /home/users/i77031/Work/AXI_full/uvm//axi_transaction.sv(404) @ 155000: uvm_test_top.axi_env_0.axi_agent_0.axi_sequencer_0@@axi_id_wr_rd_seq [WRITE_SEQ] Generating Multi-ID Write sequence, 1
# UVM_INFO /home/users/i77031/Work/AXI_full/uvm//axi_driver.sv(58) @ 160000: uvm_test_top.axi_env_0.axi_agent_0.axi_driver_0 [WRITE_DRIVER] Writing data channel
# UVM_INFO /home/users/i77031/Work/AXI_full/uvm//axi_driver.sv(93) @ 165000: uvm_test_top.axi_env_0.axi_agent_0.axi_driver_0 [WRITE_DRIVER] Got W Ready
# UVM_INFO /home/users/i77031/Work/AXI_full/uvm//axi_monitor.sv(61) @ 165000: uvm_test_top.axi_env_0.axi_agent_0.axi_monitor_0 [WRITE_MON] Completed write_in = '{0, 0, 0, 0, 0, 0, 0, 0, 0, 0}
# UVM_INFO /home/users/i77031/Work/AXI_full/uvm//axi_monitor.sv(161) @ 165000: uvm_test_top.axi_env_0.axi_agent_0.axi_monitor_0 [INPUT_MON] Burst data = '{4065, 36805, 43981, 25762, 0, 0, 0, 0, 0, 0}
# UVM_INFO /home/users/i77031/Work/AXI_full/uvm//axi_monitor.sv(163) @ 165000: uvm_test_top.axi_env_0.axi_agent_0.axi_monitor_0 [INPUT_MON] W Phase beat number =  1
# UVM_INFO /home/users/i77031/Work/AXI_full/uvm//axi_monitor.sv(58) @ 165000: uvm_test_top.axi_env_0.axi_agent_0.axi_monitor_0 [WRITE_MON] 
# mon_w_valid_o        | x
# mon_w_beat_count     | x
# mon_w_data_o         | x
# mon_w_addr_o         | x
# mon_r_last_o         | x
# mon_r_valid_o        | x
# mon_r_data_o         | x
# mon_r_addr_o         | x
# 
# AW.addr              | 24
# AW.id                | 0
# AW.len               | 3
# AW.size              | 2
# AW.burst             | 2
# AW.lock              | 0
# AW.cache             | 0
# AW.prot              | 0
# AW.valid             | 0
# AW.ready             | x
# 
# W.data               | fe1
# W.strb               | f
# W.last               | 0
# W.valid              | 1
# 
# AR.addr              | 0
# AR.id                | 0
# AR.len               | 0
# AR.size              | 0
# AR.burst             | 0
# AR.lock              | 0
# AR.cache             | 0
# AR.prot              | 0
# AR.valid             | 0
# AR.ready             | x
# 
# B.id                 | x
# B.resp               | x
# B.valid              | x
# B.ready              | 1
# 
# R.id                 | x
# R.data               | x
# R.resp               | x
# R.last               | x
# R.valid              | x
# R.ready              | 0
# 
# UVM_INFO /home/users/i77031/Work/AXI_full/uvm//axi_monitor.sv(108) @ 165000: uvm_test_top.axi_env_0.axi_agent_0.axi_monitor_0 [READ_MON] Completed read_out = '{0, 0, 0, 0, 0, 0, 0, 0, 0, 0}
# UVM_INFO /home/users/i77031/Work/AXI_full/uvm//axi_monitor.sv(229) @ 165000: uvm_test_top.axi_env_0.axi_agent_0.axi_monitor_0 [READ_MON] AR Phase full = '{0, 0, 0, 0, 0, 0, 0, 0, 0, 0}
# UVM_INFO /home/users/i77031/Work/AXI_full/uvm//axi_monitor.sv(230) @ 165000: uvm_test_top.axi_env_0.axi_agent_0.axi_monitor_0 [READ_MON] R Phase full completed = '{0, 0, 0, 0, 0, 0, 0, 0, 0, 0}
# UVM_INFO /home/users/i77031/Work/AXI_full/uvm//axi_monitor.sv(105) @ 165000: uvm_test_top.axi_env_0.axi_agent_0.axi_monitor_0 [READ_MON] 
# mon_w_valid_o        | 0
# mon_w_beat_count     | 0
# mon_w_data_o         | 0
# mon_w_addr_o         | 0
# mon_r_last_o         | 0
# mon_r_valid_o        | 0
# mon_r_data_o         | 0
# mon_r_addr_o         | 0
# 
# AW.addr              | x
# AW.id                | x
# AW.len               | x
# AW.size              | x
# AW.burst             | x
# AW.lock              | x
# AW.cache             | x
# AW.prot              | x
# AW.valid             | x
# AW.ready             | 1
# 
# W.data               | x
# W.strb               | x
# W.last               | x
# W.valid              | x
# 
# AR.addr              | x
# AR.id                | x
# AR.len               | x
# AR.size              | x
# AR.burst             | x
# AR.lock              | x
# AR.cache             | x
# AR.prot              | x
# AR.valid             | x
# AR.ready             | 1
# 
# B.id                 | 1
# B.resp               | 0
# B.valid              | 0
# B.ready              | x
# 
# R.id                 | 0
# R.data               | 0
# R.resp               | 0
# R.last               | 0
# R.valid              | 0
# R.ready              | x
# 
# UVM_INFO /home/users/i77031/Work/AXI_full/uvm//axi_monitor.sv(108) @ 175000: uvm_test_top.axi_env_0.axi_agent_0.axi_monitor_0 [READ_MON] Completed read_out = '{0, 0, 0, 0, 0, 0, 0, 0, 0, 0}
# UVM_INFO /home/users/i77031/Work/AXI_full/uvm//axi_monitor.sv(229) @ 175000: uvm_test_top.axi_env_0.axi_agent_0.axi_monitor_0 [READ_MON] AR Phase full = '{0, 0, 0, 0, 0, 0, 0, 0, 0, 0}
# UVM_INFO /home/users/i77031/Work/AXI_full/uvm//axi_monitor.sv(230) @ 175000: uvm_test_top.axi_env_0.axi_agent_0.axi_monitor_0 [READ_MON] R Phase full completed = '{0, 0, 0, 0, 0, 0, 0, 0, 0, 0}
# UVM_INFO /home/users/i77031/Work/AXI_full/uvm//axi_monitor.sv(105) @ 175000: uvm_test_top.axi_env_0.axi_agent_0.axi_monitor_0 [READ_MON] 
# mon_w_valid_o        | 0
# mon_w_beat_count     | 0
# mon_w_data_o         | 0
# mon_w_addr_o         | 0
# mon_r_last_o         | 0
# mon_r_valid_o        | 0
# mon_r_data_o         | 0
# mon_r_addr_o         | 0
# 
# AW.addr              | x
# AW.id                | x
# AW.len               | x
# AW.size              | x
# AW.burst             | x
# AW.lock              | x
# AW.cache             | x
# AW.prot              | x
# AW.valid             | x
# AW.ready             | 1
# 
# W.data               | x
# W.strb               | x
# W.last               | x
# W.valid              | x
# 
# AR.addr              | x
# AR.id                | x
# AR.len               | x
# AR.size              | x
# AR.burst             | x
# AR.lock              | x
# AR.cache             | x
# AR.prot              | x
# AR.valid             | x
# AR.ready             | 1
# 
# B.id                 | 1
# B.resp               | 0
# B.valid              | 0
# B.ready              | x
# 
# R.id                 | 0
# R.data               | 0
# R.resp               | 0
# R.last               | 0
# R.valid              | 0
# R.ready              | x
# 
# UVM_INFO /home/users/i77031/Work/AXI_full/uvm//axi_monitor.sv(61) @ 175000: uvm_test_top.axi_env_0.axi_agent_0.axi_monitor_0 [WRITE_MON] Completed write_in = '{0, 0, 0, 0, 0, 0, 0, 0, 0, 0}
# UVM_INFO /home/users/i77031/Work/AXI_full/uvm//axi_monitor.sv(58) @ 175000: uvm_test_top.axi_env_0.axi_agent_0.axi_monitor_0 [WRITE_MON] 
# mon_w_valid_o        | x
# mon_w_beat_count     | x
# mon_w_data_o         | x
# mon_w_addr_o         | x
# mon_r_last_o         | x
# mon_r_valid_o        | x
# mon_r_data_o         | x
# mon_r_addr_o         | x
# 
# AW.addr              | 24
# AW.id                | 0
# AW.len               | 3
# AW.size              | 2
# AW.burst             | 2
# AW.lock              | 0
# AW.cache             | 0
# AW.prot              | 0
# AW.valid             | 0
# AW.ready             | x
# 
# W.data               | fe1
# W.strb               | f
# W.last               | 0
# W.valid              | 0
# 
# AR.addr              | 0
# AR.id                | 0
# AR.len               | 0
# AR.size              | 0
# AR.burst             | 0
# AR.lock              | 0
# AR.cache             | 0
# AR.prot              | 0
# AR.valid             | 0
# AR.ready             | x
# 
# B.id                 | x
# B.resp               | x
# B.valid              | x
# B.ready              | 1
# 
# R.id                 | x
# R.data               | x
# R.resp               | x
# R.last               | x
# R.valid              | x
# R.ready              | 0
# 
# UVM_INFO /home/users/i77031/Work/AXI_full/uvm//axi_driver.sv(93) @ 185000: uvm_test_top.axi_env_0.axi_agent_0.axi_driver_0 [WRITE_DRIVER] Got W Ready
# UVM_INFO /home/users/i77031/Work/AXI_full/uvm//axi_monitor.sv(61) @ 185000: uvm_test_top.axi_env_0.axi_agent_0.axi_monitor_0 [WRITE_MON] Completed write_in = '{0, 0, 0, 0, 0, 0, 0, 0, 0, 0}
# UVM_INFO /home/users/i77031/Work/AXI_full/uvm//axi_monitor.sv(161) @ 185000: uvm_test_top.axi_env_0.axi_agent_0.axi_monitor_0 [INPUT_MON] Burst data = '{4065, 55810, 43981, 25762, 0, 0, 0, 0, 0, 0}
# UVM_INFO /home/users/i77031/Work/AXI_full/uvm//axi_monitor.sv(163) @ 185000: uvm_test_top.axi_env_0.axi_agent_0.axi_monitor_0 [INPUT_MON] W Phase beat number =  2
# UVM_INFO /home/users/i77031/Work/AXI_full/uvm//axi_monitor.sv(58) @ 185000: uvm_test_top.axi_env_0.axi_agent_0.axi_monitor_0 [WRITE_MON] 
# mon_w_valid_o        | x
# mon_w_beat_count     | x
# mon_w_data_o         | x
# mon_w_addr_o         | x
# mon_r_last_o         | x
# mon_r_valid_o        | x
# mon_r_data_o         | x
# mon_r_addr_o         | x
# 
# AW.addr              | 24
# AW.id                | 0
# AW.len               | 3
# AW.size              | 2
# AW.burst             | 2
# AW.lock              | 0
# AW.cache             | 0
# AW.prot              | 0
# AW.valid             | 0
# AW.ready             | x
# 
# W.data               | da02
# W.strb               | f
# W.last               | 0
# W.valid              | 1
# 
# AR.addr              | 0
# AR.id                | 0
# AR.len               | 0
# AR.size              | 0
# AR.burst             | 0
# AR.lock              | 0
# AR.cache             | 0
# AR.prot              | 0
# AR.valid             | 0
# AR.ready             | x
# 
# B.id                 | x
# B.resp               | x
# B.valid              | x
# B.ready              | 1
# 
# R.id                 | x
# R.data               | x
# R.resp               | x
# R.last               | x
# R.valid              | x
# R.ready              | 0
# 
# UVM_INFO /home/users/i77031/Work/AXI_full/uvm//axi_monitor.sv(108) @ 185000: uvm_test_top.axi_env_0.axi_agent_0.axi_monitor_0 [READ_MON] Completed read_out = '{0, 0, 0, 0, 0, 0, 0, 0, 0, 0}
# UVM_INFO /home/users/i77031/Work/AXI_full/uvm//axi_monitor.sv(229) @ 185000: uvm_test_top.axi_env_0.axi_agent_0.axi_monitor_0 [READ_MON] AR Phase full = '{0, 0, 0, 0, 0, 0, 0, 0, 0, 0}
# UVM_INFO /home/users/i77031/Work/AXI_full/uvm//axi_monitor.sv(230) @ 185000: uvm_test_top.axi_env_0.axi_agent_0.axi_monitor_0 [READ_MON] R Phase full completed = '{0, 0, 0, 0, 0, 0, 0, 0, 0, 0}
# UVM_INFO /home/users/i77031/Work/AXI_full/uvm//axi_monitor.sv(105) @ 185000: uvm_test_top.axi_env_0.axi_agent_0.axi_monitor_0 [READ_MON] 
# mon_w_valid_o        | 1
# mon_w_beat_count     | 0
# mon_w_data_o         | fe1
# mon_w_addr_o         | 24
# mon_r_last_o         | 0
# mon_r_valid_o        | 0
# mon_r_data_o         | 0
# mon_r_addr_o         | 0
# 
# AW.addr              | x
# AW.id                | x
# AW.len               | x
# AW.size              | x
# AW.burst             | x
# AW.lock              | x
# AW.cache             | x
# AW.prot              | x
# AW.valid             | x
# AW.ready             | 1
# 
# W.data               | x
# W.strb               | x
# W.last               | x
# W.valid              | x
# 
# AR.addr              | x
# AR.id                | x
# AR.len               | x
# AR.size              | x
# AR.burst             | x
# AR.lock              | x
# AR.cache             | x
# AR.prot              | x
# AR.valid             | x
# AR.ready             | 1
# 
# B.id                 | 1
# B.resp               | 0
# B.valid              | 0
# B.ready              | x
# 
# R.id                 | 0
# R.data               | 0
# R.resp               | 0
# R.last               | 0
# R.valid              | 0
# R.ready              | x
# 
# UVM_INFO /home/users/i77031/Work/AXI_full/uvm//axi_monitor.sv(108) @ 195000: uvm_test_top.axi_env_0.axi_agent_0.axi_monitor_0 [READ_MON] Completed read_out = '{0, 0, 0, 0, 0, 0, 0, 0, 0, 0}
# UVM_INFO /home/users/i77031/Work/AXI_full/uvm//axi_monitor.sv(229) @ 195000: uvm_test_top.axi_env_0.axi_agent_0.axi_monitor_0 [READ_MON] AR Phase full = '{0, 0, 0, 0, 0, 0, 0, 0, 0, 0}
# UVM_INFO /home/users/i77031/Work/AXI_full/uvm//axi_monitor.sv(230) @ 195000: uvm_test_top.axi_env_0.axi_agent_0.axi_monitor_0 [READ_MON] R Phase full completed = '{0, 0, 0, 0, 0, 0, 0, 0, 0, 0}
# UVM_INFO /home/users/i77031/Work/AXI_full/uvm//axi_monitor.sv(105) @ 195000: uvm_test_top.axi_env_0.axi_agent_0.axi_monitor_0 [READ_MON] 
# mon_w_valid_o        | 0
# mon_w_beat_count     | 0
# mon_w_data_o         | 0
# mon_w_addr_o         | 0
# mon_r_last_o         | 0
# mon_r_valid_o        | 0
# mon_r_data_o         | 0
# mon_r_addr_o         | 0
# 
# AW.addr              | x
# AW.id                | x
# AW.len               | x
# AW.size              | x
# AW.burst             | x
# AW.lock              | x
# AW.cache             | x
# AW.prot              | x
# AW.valid             | x
# AW.ready             | 1
# 
# W.data               | x
# W.strb               | x
# W.last               | x
# W.valid              | x
# 
# AR.addr              | x
# AR.id                | x
# AR.len               | x
# AR.size              | x
# AR.burst             | x
# AR.lock              | x
# AR.cache             | x
# AR.prot              | x
# AR.valid             | x
# AR.ready             | 1
# 
# B.id                 | 1
# B.resp               | 0
# B.valid              | 0
# B.ready              | x
# 
# R.id                 | 0
# R.data               | 0
# R.resp               | 0
# R.last               | 0
# R.valid              | 0
# R.ready              | x
# 
# UVM_INFO /home/users/i77031/Work/AXI_full/uvm//axi_monitor.sv(61) @ 195000: uvm_test_top.axi_env_0.axi_agent_0.axi_monitor_0 [WRITE_MON] Completed write_in = '{0, 0, 0, 0, 0, 0, 0, 0, 0, 0}
# UVM_INFO /home/users/i77031/Work/AXI_full/uvm//axi_monitor.sv(58) @ 195000: uvm_test_top.axi_env_0.axi_agent_0.axi_monitor_0 [WRITE_MON] 
# mon_w_valid_o        | x
# mon_w_beat_count     | x
# mon_w_data_o         | x
# mon_w_addr_o         | x
# mon_r_last_o         | x
# mon_r_valid_o        | x
# mon_r_data_o         | x
# mon_r_addr_o         | x
# 
# AW.addr              | 24
# AW.id                | 0
# AW.len               | 3
# AW.size              | 2
# AW.burst             | 2
# AW.lock              | 0
# AW.cache             | 0
# AW.prot              | 0
# AW.valid             | 0
# AW.ready             | x
# 
# W.data               | da02
# W.strb               | f
# W.last               | 0
# W.valid              | 0
# 
# AR.addr              | 0
# AR.id                | 0
# AR.len               | 0
# AR.size              | 0
# AR.burst             | 0
# AR.lock              | 0
# AR.cache             | 0
# AR.prot              | 0
# AR.valid             | 0
# AR.ready             | x
# 
# B.id                 | x
# B.resp               | x
# B.valid              | x
# B.ready              | 1
# 
# R.id                 | x
# R.data               | x
# R.resp               | x
# R.last               | x
# R.valid              | x
# R.ready              | 0
# 
# UVM_INFO /home/users/i77031/Work/AXI_full/uvm//axi_driver.sv(93) @ 205000: uvm_test_top.axi_env_0.axi_agent_0.axi_driver_0 [WRITE_DRIVER] Got W Ready
# UVM_INFO /home/users/i77031/Work/AXI_full/uvm//axi_monitor.sv(61) @ 205000: uvm_test_top.axi_env_0.axi_agent_0.axi_monitor_0 [WRITE_MON] Completed write_in = '{0, 0, 0, 0, 0, 0, 0, 0, 0, 0}
# UVM_INFO /home/users/i77031/Work/AXI_full/uvm//axi_monitor.sv(161) @ 205000: uvm_test_top.axi_env_0.axi_agent_0.axi_monitor_0 [INPUT_MON] Burst data = '{4065, 55810, 52739, 25762, 0, 0, 0, 0, 0, 0}
# UVM_INFO /home/users/i77031/Work/AXI_full/uvm//axi_monitor.sv(163) @ 205000: uvm_test_top.axi_env_0.axi_agent_0.axi_monitor_0 [INPUT_MON] W Phase beat number =  3
# UVM_INFO /home/users/i77031/Work/AXI_full/uvm//axi_monitor.sv(58) @ 205000: uvm_test_top.axi_env_0.axi_agent_0.axi_monitor_0 [WRITE_MON] 
# mon_w_valid_o        | x
# mon_w_beat_count     | x
# mon_w_data_o         | x
# mon_w_addr_o         | x
# mon_r_last_o         | x
# mon_r_valid_o        | x
# mon_r_data_o         | x
# mon_r_addr_o         | x
# 
# AW.addr              | 24
# AW.id                | 0
# AW.len               | 3
# AW.size              | 2
# AW.burst             | 2
# AW.lock              | 0
# AW.cache             | 0
# AW.prot              | 0
# AW.valid             | 0
# AW.ready             | x
# 
# W.data               | ce03
# W.strb               | f
# W.last               | 0
# W.valid              | 1
# 
# AR.addr              | 0
# AR.id                | 0
# AR.len               | 0
# AR.size              | 0
# AR.burst             | 0
# AR.lock              | 0
# AR.cache             | 0
# AR.prot              | 0
# AR.valid             | 0
# AR.ready             | x
# 
# B.id                 | x
# B.resp               | x
# B.valid              | x
# B.ready              | 1
# 
# R.id                 | x
# R.data               | x
# R.resp               | x
# R.last               | x
# R.valid              | x
# R.ready              | 0
# 
# UVM_INFO /home/users/i77031/Work/AXI_full/uvm//axi_monitor.sv(108) @ 205000: uvm_test_top.axi_env_0.axi_agent_0.axi_monitor_0 [READ_MON] Completed read_out = '{0, 0, 0, 0, 0, 0, 0, 0, 0, 0}
# UVM_INFO /home/users/i77031/Work/AXI_full/uvm//axi_monitor.sv(229) @ 205000: uvm_test_top.axi_env_0.axi_agent_0.axi_monitor_0 [READ_MON] AR Phase full = '{0, 0, 0, 0, 0, 0, 0, 0, 0, 0}
# UVM_INFO /home/users/i77031/Work/AXI_full/uvm//axi_monitor.sv(230) @ 205000: uvm_test_top.axi_env_0.axi_agent_0.axi_monitor_0 [READ_MON] R Phase full completed = '{0, 0, 0, 0, 0, 0, 0, 0, 0, 0}
# UVM_INFO /home/users/i77031/Work/AXI_full/uvm//axi_monitor.sv(105) @ 205000: uvm_test_top.axi_env_0.axi_agent_0.axi_monitor_0 [READ_MON] 
# mon_w_valid_o        | 1
# mon_w_beat_count     | 1
# mon_w_data_o         | da02
# mon_w_addr_o         | 28
# mon_r_last_o         | 0
# mon_r_valid_o        | 0
# mon_r_data_o         | 0
# mon_r_addr_o         | 0
# 
# AW.addr              | x
# AW.id                | x
# AW.len               | x
# AW.size              | x
# AW.burst             | x
# AW.lock              | x
# AW.cache             | x
# AW.prot              | x
# AW.valid             | x
# AW.ready             | 1
# 
# W.data               | x
# W.strb               | x
# W.last               | x
# W.valid              | x
# 
# AR.addr              | x
# AR.id                | x
# AR.len               | x
# AR.size              | x
# AR.burst             | x
# AR.lock              | x
# AR.cache             | x
# AR.prot              | x
# AR.valid             | x
# AR.ready             | 1
# 
# B.id                 | 1
# B.resp               | 0
# B.valid              | 0
# B.ready              | x
# 
# R.id                 | 0
# R.data               | 0
# R.resp               | 0
# R.last               | 0
# R.valid              | 0
# R.ready              | x
# 
# UVM_INFO /home/users/i77031/Work/AXI_full/uvm//axi_monitor.sv(108) @ 215000: uvm_test_top.axi_env_0.axi_agent_0.axi_monitor_0 [READ_MON] Completed read_out = '{0, 0, 0, 0, 0, 0, 0, 0, 0, 0}
# UVM_INFO /home/users/i77031/Work/AXI_full/uvm//axi_monitor.sv(229) @ 215000: uvm_test_top.axi_env_0.axi_agent_0.axi_monitor_0 [READ_MON] AR Phase full = '{0, 0, 0, 0, 0, 0, 0, 0, 0, 0}
# UVM_INFO /home/users/i77031/Work/AXI_full/uvm//axi_monitor.sv(230) @ 215000: uvm_test_top.axi_env_0.axi_agent_0.axi_monitor_0 [READ_MON] R Phase full completed = '{0, 0, 0, 0, 0, 0, 0, 0, 0, 0}
# UVM_INFO /home/users/i77031/Work/AXI_full/uvm//axi_monitor.sv(105) @ 215000: uvm_test_top.axi_env_0.axi_agent_0.axi_monitor_0 [READ_MON] 
# mon_w_valid_o        | 0
# mon_w_beat_count     | 0
# mon_w_data_o         | 0
# mon_w_addr_o         | 0
# mon_r_last_o         | 0
# mon_r_valid_o        | 0
# mon_r_data_o         | 0
# mon_r_addr_o         | 0
# 
# AW.addr              | x
# AW.id                | x
# AW.len               | x
# AW.size              | x
# AW.burst             | x
# AW.lock              | x
# AW.cache             | x
# AW.prot              | x
# AW.valid             | x
# AW.ready             | 1
# 
# W.data               | x
# W.strb               | x
# W.last               | x
# W.valid              | x
# 
# AR.addr              | x
# AR.id                | x
# AR.len               | x
# AR.size              | x
# AR.burst             | x
# AR.lock              | x
# AR.cache             | x
# AR.prot              | x
# AR.valid             | x
# AR.ready             | 1
# 
# B.id                 | 1
# B.resp               | 0
# B.valid              | 0
# B.ready              | x
# 
# R.id                 | 0
# R.data               | 0
# R.resp               | 0
# R.last               | 0
# R.valid              | 0
# R.ready              | x
# 
# UVM_INFO /home/users/i77031/Work/AXI_full/uvm//axi_monitor.sv(61) @ 215000: uvm_test_top.axi_env_0.axi_agent_0.axi_monitor_0 [WRITE_MON] Completed write_in = '{0, 0, 0, 0, 0, 0, 0, 0, 0, 0}
# UVM_INFO /home/users/i77031/Work/AXI_full/uvm//axi_monitor.sv(58) @ 215000: uvm_test_top.axi_env_0.axi_agent_0.axi_monitor_0 [WRITE_MON] 
# mon_w_valid_o        | x
# mon_w_beat_count     | x
# mon_w_data_o         | x
# mon_w_addr_o         | x
# mon_r_last_o         | x
# mon_r_valid_o        | x
# mon_r_data_o         | x
# mon_r_addr_o         | x
# 
# AW.addr              | 24
# AW.id                | 0
# AW.len               | 3
# AW.size              | 2
# AW.burst             | 2
# AW.lock              | 0
# AW.cache             | 0
# AW.prot              | 0
# AW.valid             | 0
# AW.ready             | x
# 
# W.data               | ce03
# W.strb               | f
# W.last               | 0
# W.valid              | 0
# 
# AR.addr              | 0
# AR.id                | 0
# AR.len               | 0
# AR.size              | 0
# AR.burst             | 0
# AR.lock              | 0
# AR.cache             | 0
# AR.prot              | 0
# AR.valid             | 0
# AR.ready             | x
# 
# B.id                 | x
# B.resp               | x
# B.valid              | x
# B.ready              | 1
# 
# R.id                 | x
# R.data               | x
# R.resp               | x
# R.last               | x
# R.valid              | x
# R.ready              | 0
# 
# UVM_INFO /home/users/i77031/Work/AXI_full/uvm//axi_driver.sv(93) @ 225000: uvm_test_top.axi_env_0.axi_agent_0.axi_driver_0 [WRITE_DRIVER] Got W Ready
# UVM_INFO /home/users/i77031/Work/AXI_full/uvm//axi_monitor.sv(61) @ 225000: uvm_test_top.axi_env_0.axi_agent_0.axi_monitor_0 [WRITE_MON] Completed write_in = '{0, 0, 0, 0, 0, 0, 0, 0, 0, 0}
# UVM_INFO /home/users/i77031/Work/AXI_full/uvm//axi_monitor.sv(161) @ 225000: uvm_test_top.axi_env_0.axi_agent_0.axi_monitor_0 [INPUT_MON] Burst data = '{4065, 55810, 52739, 39684, 0, 0, 0, 0, 0, 0}
# UVM_INFO /home/users/i77031/Work/AXI_full/uvm//axi_monitor.sv(163) @ 225000: uvm_test_top.axi_env_0.axi_agent_0.axi_monitor_0 [INPUT_MON] W Phase beat number =  4
# UVM_INFO /home/users/i77031/Work/AXI_full/uvm//axi_monitor.sv(167) @ 225000: uvm_test_top.axi_env_0.axi_agent_0.axi_monitor_0 [INPUT_MON] W Phase completed = 1
# UVM_INFO /home/users/i77031/Work/AXI_full/uvm//axi_monitor.sv(58) @ 225000: uvm_test_top.axi_env_0.axi_agent_0.axi_monitor_0 [WRITE_MON] 
# mon_w_valid_o        | x
# mon_w_beat_count     | x
# mon_w_data_o         | x
# mon_w_addr_o         | x
# mon_r_last_o         | x
# mon_r_valid_o        | x
# mon_r_data_o         | x
# mon_r_addr_o         | x
# 
# AW.addr              | 24
# AW.id                | 0
# AW.len               | 3
# AW.size              | 2
# AW.burst             | 2
# AW.lock              | 0
# AW.cache             | 0
# AW.prot              | 0
# AW.valid             | 0
# AW.ready             | x
# 
# W.data               | 9b04
# W.strb               | f
# W.last               | 1
# W.valid              | 1
# 
# AR.addr              | 0
# AR.id                | 0
# AR.len               | 0
# AR.size              | 0
# AR.burst             | 0
# AR.lock              | 0
# AR.cache             | 0
# AR.prot              | 0
# AR.valid             | 0
# AR.ready             | x
# 
# B.id                 | x
# B.resp               | x
# B.valid              | x
# B.ready              | 1
# 
# R.id                 | x
# R.data               | x
# R.resp               | x
# R.last               | x
# R.valid              | x
# R.ready              | 0
# 
# UVM_INFO /home/users/i77031/Work/AXI_full/uvm//axi_monitor.sv(108) @ 225000: uvm_test_top.axi_env_0.axi_agent_0.axi_monitor_0 [READ_MON] Completed read_out = '{0, 0, 0, 0, 0, 0, 0, 0, 0, 0}
# UVM_INFO /home/users/i77031/Work/AXI_full/uvm//axi_monitor.sv(229) @ 225000: uvm_test_top.axi_env_0.axi_agent_0.axi_monitor_0 [READ_MON] AR Phase full = '{0, 0, 0, 0, 0, 0, 0, 0, 0, 0}
# UVM_INFO /home/users/i77031/Work/AXI_full/uvm//axi_monitor.sv(230) @ 225000: uvm_test_top.axi_env_0.axi_agent_0.axi_monitor_0 [READ_MON] R Phase full completed = '{0, 0, 0, 0, 0, 0, 0, 0, 0, 0}
# UVM_INFO /home/users/i77031/Work/AXI_full/uvm//axi_monitor.sv(105) @ 225000: uvm_test_top.axi_env_0.axi_agent_0.axi_monitor_0 [READ_MON] 
# mon_w_valid_o        | 1
# mon_w_beat_count     | 2
# mon_w_data_o         | ce03
# mon_w_addr_o         | 2c
# mon_r_last_o         | 0
# mon_r_valid_o        | 0
# mon_r_data_o         | 0
# mon_r_addr_o         | 0
# 
# AW.addr              | x
# AW.id                | x
# AW.len               | x
# AW.size              | x
# AW.burst             | x
# AW.lock              | x
# AW.cache             | x
# AW.prot              | x
# AW.valid             | x
# AW.ready             | 1
# 
# W.data               | x
# W.strb               | x
# W.last               | x
# W.valid              | x
# 
# AR.addr              | x
# AR.id                | x
# AR.len               | x
# AR.size              | x
# AR.burst             | x
# AR.lock              | x
# AR.cache             | x
# AR.prot              | x
# AR.valid             | x
# AR.ready             | 1
# 
# B.id                 | 1
# B.resp               | 0
# B.valid              | 0
# B.ready              | x
# 
# R.id                 | 0
# R.data               | 0
# R.resp               | 0
# R.last               | 0
# R.valid              | 0
# R.ready              | x
# 
# UVM_INFO /home/users/i77031/Work/AXI_full/uvm//axi_monitor.sv(108) @ 235000: uvm_test_top.axi_env_0.axi_agent_0.axi_monitor_0 [READ_MON] Completed read_out = '{0, 0, 0, 0, 0, 0, 0, 0, 0, 0}
# UVM_INFO /home/users/i77031/Work/AXI_full/uvm//axi_monitor.sv(229) @ 235000: uvm_test_top.axi_env_0.axi_agent_0.axi_monitor_0 [READ_MON] AR Phase full = '{0, 0, 0, 0, 0, 0, 0, 0, 0, 0}
# UVM_INFO /home/users/i77031/Work/AXI_full/uvm//axi_monitor.sv(230) @ 235000: uvm_test_top.axi_env_0.axi_agent_0.axi_monitor_0 [READ_MON] R Phase full completed = '{0, 0, 0, 0, 0, 0, 0, 0, 0, 0}
# UVM_INFO /home/users/i77031/Work/AXI_full/uvm//axi_monitor.sv(105) @ 235000: uvm_test_top.axi_env_0.axi_agent_0.axi_monitor_0 [READ_MON] 
# mon_w_valid_o        | 0
# mon_w_beat_count     | 0
# mon_w_data_o         | 0
# mon_w_addr_o         | 0
# mon_r_last_o         | 0
# mon_r_valid_o        | 0
# mon_r_data_o         | 0
# mon_r_addr_o         | 0
# 
# AW.addr              | x
# AW.id                | x
# AW.len               | x
# AW.size              | x
# AW.burst             | x
# AW.lock              | x
# AW.cache             | x
# AW.prot              | x
# AW.valid             | x
# AW.ready             | 1
# 
# W.data               | x
# W.strb               | x
# W.last               | x
# W.valid              | x
# 
# AR.addr              | x
# AR.id                | x
# AR.len               | x
# AR.size              | x
# AR.burst             | x
# AR.lock              | x
# AR.cache             | x
# AR.prot              | x
# AR.valid             | x
# AR.ready             | 1
# 
# B.id                 | 1
# B.resp               | 0
# B.valid              | 0
# B.ready              | x
# 
# R.id                 | 0
# R.data               | 0
# R.resp               | 0
# R.last               | 0
# R.valid              | 0
# R.ready              | x
# 
# UVM_INFO /home/users/i77031/Work/AXI_full/uvm//axi_monitor.sv(61) @ 235000: uvm_test_top.axi_env_0.axi_agent_0.axi_monitor_0 [WRITE_MON] Completed write_in = '{1, 0, 0, 0, 0, 0, 0, 0, 0, 0}
# UVM_INFO /home/users/i77031/Work/AXI_full/uvm//axi_monitor.sv(65) @ 235000: uvm_test_top.axi_env_0.axi_agent_0.axi_monitor_0 [WRITE_MON] Burst data copying
# UVM_INFO /home/users/i77031/Work/AXI_full/uvm//axi_monitor.sv(66) @ 235000: uvm_test_top.axi_env_0.axi_agent_0.axi_monitor_0 [WRITE_MON] '{4, 0, 0, 0, 0, 0, 0, 0, 0, 0}
# UVM_INFO /home/users/i77031/Work/AXI_full/uvm//axi_monitor.sv(82) @ 235000: uvm_test_top.axi_env_0.axi_agent_0.axi_monitor_0 [WRITE_MON] Burst data = '{4065, 55810, 52739, 39684, x, x, x, x, x, x}
# UVM_INFO /home/users/i77031/Work/AXI_full/uvm//axi_monitor.sv(83) @ 235000: uvm_test_top.axi_env_0.axi_agent_0.axi_monitor_0 [WRITE_MON] Read Write = 1
# UVM_INFO /home/users/i77031/Work/AXI_full/uvm//axi_monitor.sv(84) @ 235000: uvm_test_top.axi_env_0.axi_agent_0.axi_monitor_0 [WRITE_MON] 
# mon_w_valid_o        | x
# mon_w_beat_count     | x
# mon_w_data_o         | x
# mon_w_addr_o         | x
# mon_r_last_o         | x
# mon_r_valid_o        | x
# mon_r_data_o         | x
# mon_r_addr_o         | x
# 
# AW.addr              | 24
# AW.id                | 0
# AW.len               | 3
# AW.size              | 2
# AW.burst             | 2
# AW.lock              | 0
# AW.cache             | 0
# AW.prot              | 0
# AW.valid             | 0
# AW.ready             | x
# 
# W.data               | 9b04
# W.strb               | f
# W.last               | 1
# W.valid              | 1
# 
# AR.addr              | 0
# AR.id                | 0
# AR.len               | 0
# AR.size              | 0
# AR.burst             | 0
# AR.lock              | 0
# AR.cache             | 0
# AR.prot              | 0
# AR.valid             | 0
# AR.ready             | x
# 
# B.id                 | x
# B.resp               | x
# B.valid              | x
# B.ready              | 1
# 
# R.id                 | x
# R.data               | x
# R.resp               | x
# R.last               | x
# R.valid              | x
# R.ready              | 0
# 
# UVM_INFO /home/users/i77031/Work/AXI_full/uvm//axi_monitor.sv(85) @ 235000: uvm_test_top.axi_env_0.axi_agent_0.axi_monitor_0 [WRITE_MON] Addr=0x0
# UVM_INFO /home/users/i77031/Work/AXI_full/uvm//axi_monitor.sv(58) @ 235000: uvm_test_top.axi_env_0.axi_agent_0.axi_monitor_0 [WRITE_MON] 
# mon_w_valid_o        | x
# mon_w_beat_count     | x
# mon_w_data_o         | x
# mon_w_addr_o         | x
# mon_r_last_o         | x
# mon_r_valid_o        | x
# mon_r_data_o         | x
# mon_r_addr_o         | x
# 
# AW.addr              | 24
# AW.id                | 0
# AW.len               | 3
# AW.size              | 2
# AW.burst             | 2
# AW.lock              | 0
# AW.cache             | 0
# AW.prot              | 0
# AW.valid             | 0
# AW.ready             | x
# 
# W.data               | 9b04
# W.strb               | f
# W.last               | 1
# W.valid              | 0
# 
# AR.addr              | 0
# AR.id                | 0
# AR.len               | 0
# AR.size              | 0
# AR.burst             | 0
# AR.lock              | 0
# AR.cache             | 0
# AR.prot              | 0
# AR.valid             | 0
# AR.ready             | x
# 
# B.id                 | x
# B.resp               | x
# B.valid              | x
# B.ready              | 1
# 
# R.id                 | x
# R.data               | x
# R.resp               | x
# R.last               | x
# R.valid              | x
# R.ready              | 0
# 
# UVM_INFO /home/users/i77031/Work/AXI_full/uvm//axi_scoreboard.sv(100) @ 235000: uvm_test_top.axi_env_0.axi_scoreboard_0 [SCOREBOARD_TX_IN] 
# mon_w_valid_o        | x
# mon_w_beat_count     | x
# mon_w_data_o         | x
# mon_w_addr_o         | x
# mon_r_last_o         | x
# mon_r_valid_o        | x
# mon_r_data_o         | x
# mon_r_addr_o         | x
# 
# AW.addr              | 24
# AW.id                | 0
# AW.len               | 3
# AW.size              | 2
# AW.burst             | 2
# AW.lock              | 0
# AW.cache             | 0
# AW.prot              | 0
# AW.valid             | 0
# AW.ready             | x
# 
# W.data               | 9b04
# W.strb               | f
# W.last               | 1
# W.valid              | 1
# 
# AR.addr              | 0
# AR.id                | 0
# AR.len               | 0
# AR.size              | 0
# AR.burst             | 0
# AR.lock              | 0
# AR.cache             | 0
# AR.prot              | 0
# AR.valid             | 0
# AR.ready             | x
# 
# B.id                 | x
# B.resp               | x
# B.valid              | x
# B.ready              | 1
# 
# R.id                 | x
# R.data               | x
# R.resp               | x
# R.last               | x
# R.valid              | x
# R.ready              | 0
# 
# UVM_INFO /home/users/i77031/Work/AXI_full/uvm//axi_scoreboard.sv(154) @ 235000: uvm_test_top.axi_env_0.axi_scoreboard_0 [SCOREBOARD_AW] 
# mon_w_valid_o        | x
# mon_w_beat_count     | x
# mon_w_data_o         | x
# mon_w_addr_o         | x
# mon_r_last_o         | x
# mon_r_valid_o        | x
# mon_r_data_o         | x
# mon_r_addr_o         | x
# 
# AW.addr              | 24
# AW.id                | 0
# AW.len               | 3
# AW.size              | 2
# AW.burst             | 2
# AW.lock              | 0
# AW.cache             | 0
# AW.prot              | 0
# AW.valid             | 0
# AW.ready             | x
# 
# W.data               | 9b04
# W.strb               | f
# W.last               | 1
# W.valid              | 1
# 
# AR.addr              | 0
# AR.id                | 0
# AR.len               | 0
# AR.size              | 0
# AR.burst             | 0
# AR.lock              | 0
# AR.cache             | 0
# AR.prot              | 0
# AR.valid             | 0
# AR.ready             | x
# 
# B.id                 | x
# B.resp               | x
# B.valid              | x
# B.ready              | 1
# 
# R.id                 | x
# R.data               | x
# R.resp               | x
# R.last               | x
# R.valid              | x
# R.ready              | 0
# 
# UVM_INFO /home/users/i77031/Work/AXI_full/uvm//axi_scoreboard.sv(157) @ 235000: uvm_test_top.axi_env_0.axi_scoreboard_0 [SCOREBOARD_AW] Write Burst type = 10
# UVM_INFO /home/users/i77031/Work/AXI_full/uvm//axi_scoreboard.sv(174) @ 235000: uvm_test_top.axi_env_0.axi_scoreboard_0 [SCOREBOARD_AW] Calculating burst addr for wrapping burst
# UVM_INFO /home/users/i77031/Work/AXI_full/uvm//axi_scoreboard.sv(177) @ 235000: uvm_test_top.axi_env_0.axi_scoreboard_0 [SCOREBOARD_AW] Wrap boundary =         16
# UVM_INFO /home/users/i77031/Work/AXI_full/uvm//axi_scoreboard.sv(178) @ 235000: uvm_test_top.axi_env_0.axi_scoreboard_0 [SCOREBOARD_AW] Wrapping burst addr =          4
# UVM_INFO /home/users/i77031/Work/AXI_full/uvm//axi_scoreboard.sv(202) @ 235000: uvm_test_top.axi_env_0.axi_scoreboard_0 [SCOREBOARD_W] Wrapping burst
# UVM_INFO /home/users/i77031/Work/AXI_full/uvm//axi_scoreboard.sv(203) @ 235000: uvm_test_top.axi_env_0.axi_scoreboard_0 [SCOREBOARD_W] Burst data = '{4065, 55810, 52739, 39684, x, x, x, x, x, x}
# UVM_INFO /home/users/i77031/Work/AXI_full/uvm//axi_scoreboard.sv(204) @ 235000: uvm_test_top.axi_env_0.axi_scoreboard_0 [SCOREBOARD_W] Single data = 0xfe1
# UVM_INFO /home/users/i77031/Work/AXI_full/uvm//axi_scoreboard.sv(207) @ 235000: uvm_test_top.axi_env_0.axi_scoreboard_0 [SCOREBOARD_W] Addr = 0x24
# UVM_INFO /home/users/i77031/Work/AXI_full/uvm//axi_scoreboard.sv(208) @ 235000: uvm_test_top.axi_env_0.axi_scoreboard_0 [SCOREBOARD_W] Item Queue = 0xfe1
# UVM_INFO /home/users/i77031/Work/AXI_full/uvm//axi_scoreboard.sv(202) @ 235000: uvm_test_top.axi_env_0.axi_scoreboard_0 [SCOREBOARD_W] Wrapping burst
# UVM_INFO /home/users/i77031/Work/AXI_full/uvm//axi_scoreboard.sv(203) @ 235000: uvm_test_top.axi_env_0.axi_scoreboard_0 [SCOREBOARD_W] Burst data = '{4065, 55810, 52739, 39684, x, x, x, x, x, x}
# UVM_INFO /home/users/i77031/Work/AXI_full/uvm//axi_scoreboard.sv(204) @ 235000: uvm_test_top.axi_env_0.axi_scoreboard_0 [SCOREBOARD_W] Single data = 0xda02
# UVM_INFO /home/users/i77031/Work/AXI_full/uvm//axi_scoreboard.sv(207) @ 235000: uvm_test_top.axi_env_0.axi_scoreboard_0 [SCOREBOARD_W] Addr = 0x28
# UVM_INFO /home/users/i77031/Work/AXI_full/uvm//axi_scoreboard.sv(208) @ 235000: uvm_test_top.axi_env_0.axi_scoreboard_0 [SCOREBOARD_W] Item Queue = 0xda02
# UVM_INFO /home/users/i77031/Work/AXI_full/uvm//axi_scoreboard.sv(202) @ 235000: uvm_test_top.axi_env_0.axi_scoreboard_0 [SCOREBOARD_W] Wrapping burst
# UVM_INFO /home/users/i77031/Work/AXI_full/uvm//axi_scoreboard.sv(203) @ 235000: uvm_test_top.axi_env_0.axi_scoreboard_0 [SCOREBOARD_W] Burst data = '{4065, 55810, 52739, 39684, x, x, x, x, x, x}
# UVM_INFO /home/users/i77031/Work/AXI_full/uvm//axi_scoreboard.sv(204) @ 235000: uvm_test_top.axi_env_0.axi_scoreboard_0 [SCOREBOARD_W] Single data = 0xce03
# UVM_INFO /home/users/i77031/Work/AXI_full/uvm//axi_scoreboard.sv(207) @ 235000: uvm_test_top.axi_env_0.axi_scoreboard_0 [SCOREBOARD_W] Addr = 0x2c
# UVM_INFO /home/users/i77031/Work/AXI_full/uvm//axi_scoreboard.sv(208) @ 235000: uvm_test_top.axi_env_0.axi_scoreboard_0 [SCOREBOARD_W] Item Queue = 0xce03
# UVM_INFO /home/users/i77031/Work/AXI_full/uvm//axi_scoreboard.sv(202) @ 235000: uvm_test_top.axi_env_0.axi_scoreboard_0 [SCOREBOARD_W] Wrapping burst
# UVM_INFO /home/users/i77031/Work/AXI_full/uvm//axi_scoreboard.sv(203) @ 235000: uvm_test_top.axi_env_0.axi_scoreboard_0 [SCOREBOARD_W] Burst data = '{4065, 55810, 52739, 39684, x, x, x, x, x, x}
# UVM_INFO /home/users/i77031/Work/AXI_full/uvm//axi_scoreboard.sv(204) @ 235000: uvm_test_top.axi_env_0.axi_scoreboard_0 [SCOREBOARD_W] Single data = 0x9b04
# UVM_INFO /home/users/i77031/Work/AXI_full/uvm//axi_scoreboard.sv(207) @ 235000: uvm_test_top.axi_env_0.axi_scoreboard_0 [SCOREBOARD_W] Addr = 0x20
# UVM_INFO /home/users/i77031/Work/AXI_full/uvm//axi_scoreboard.sv(208) @ 235000: uvm_test_top.axi_env_0.axi_scoreboard_0 [SCOREBOARD_W] Item Queue = 0x9b04
# UVM_INFO /home/users/i77031/Work/AXI_full/uvm//axi_driver.sv(106) @ 245000: uvm_test_top.axi_env_0.axi_agent_0.axi_driver_0 [WRITE_DRIVER] Got B Valid
# UVM_INFO /home/users/i77031/Work/AXI_full/uvm//axi_monitor.sv(61) @ 245000: uvm_test_top.axi_env_0.axi_agent_0.axi_monitor_0 [WRITE_MON] Completed write_in = '{0, 0, 0, 0, 0, 0, 0, 0, 0, 0}
# UVM_INFO /home/users/i77031/Work/AXI_full/uvm//axi_monitor.sv(58) @ 245000: uvm_test_top.axi_env_0.axi_agent_0.axi_monitor_0 [WRITE_MON] 
# mon_w_valid_o        | x
# mon_w_beat_count     | x
# mon_w_data_o         | x
# mon_w_addr_o         | x
# mon_r_last_o         | x
# mon_r_valid_o        | x
# mon_r_data_o         | x
# mon_r_addr_o         | x
# 
# AW.addr              | 24
# AW.id                | 0
# AW.len               | 3
# AW.size              | 2
# AW.burst             | 2
# AW.lock              | 0
# AW.cache             | 0
# AW.prot              | 0
# AW.valid             | 0
# AW.ready             | x
# 
# W.data               | 9b04
# W.strb               | f
# W.last               | 1
# W.valid              | 0
# 
# AR.addr              | 0
# AR.id                | 0
# AR.len               | 0
# AR.size              | 0
# AR.burst             | 0
# AR.lock              | 0
# AR.cache             | 0
# AR.prot              | 0
# AR.valid             | 0
# AR.ready             | x
# 
# B.id                 | x
# B.resp               | x
# B.valid              | x
# B.ready              | 1
# 
# R.id                 | x
# R.data               | x
# R.resp               | x
# R.last               | x
# R.valid              | x
# R.ready              | 0
# 
# UVM_INFO /home/users/i77031/Work/AXI_full/uvm//axi_monitor.sv(108) @ 245000: uvm_test_top.axi_env_0.axi_agent_0.axi_monitor_0 [READ_MON] Completed read_out = '{0, 0, 0, 0, 0, 0, 0, 0, 0, 0}
# UVM_INFO /home/users/i77031/Work/AXI_full/uvm//axi_monitor.sv(229) @ 245000: uvm_test_top.axi_env_0.axi_agent_0.axi_monitor_0 [READ_MON] AR Phase full = '{0, 0, 0, 0, 0, 0, 0, 0, 0, 0}
# UVM_INFO /home/users/i77031/Work/AXI_full/uvm//axi_monitor.sv(230) @ 245000: uvm_test_top.axi_env_0.axi_agent_0.axi_monitor_0 [READ_MON] R Phase full completed = '{0, 0, 0, 0, 0, 0, 0, 0, 0, 0}
# UVM_INFO /home/users/i77031/Work/AXI_full/uvm//axi_monitor.sv(105) @ 245000: uvm_test_top.axi_env_0.axi_agent_0.axi_monitor_0 [READ_MON] 
# mon_w_valid_o        | 1
# mon_w_beat_count     | 3
# mon_w_data_o         | 9b04
# mon_w_addr_o         | 20
# mon_r_last_o         | 0
# mon_r_valid_o        | 0
# mon_r_data_o         | 0
# mon_r_addr_o         | 0
# 
# AW.addr              | x
# AW.id                | x
# AW.len               | x
# AW.size              | x
# AW.burst             | x
# AW.lock              | x
# AW.cache             | x
# AW.prot              | x
# AW.valid             | x
# AW.ready             | 1
# 
# W.data               | x
# W.strb               | x
# W.last               | x
# W.valid              | x
# 
# AR.addr              | x
# AR.id                | x
# AR.len               | x
# AR.size              | x
# AR.burst             | x
# AR.lock              | x
# AR.cache             | x
# AR.prot              | x
# AR.valid             | x
# AR.ready             | 1
# 
# B.id                 | 0
# B.resp               | 0
# B.valid              | 1
# B.ready              | x
# 
# R.id                 | 0
# R.data               | 0
# R.resp               | 0
# R.last               | 0
# R.valid              | 0
# R.ready              | x
# 
# UVM_INFO /home/users/i77031/Work/AXI_full/uvm//axi_monitor.sv(108) @ 255000: uvm_test_top.axi_env_0.axi_agent_0.axi_monitor_0 [READ_MON] Completed read_out = '{0, 0, 0, 0, 0, 0, 0, 0, 0, 0}
# UVM_INFO /home/users/i77031/Work/AXI_full/uvm//axi_monitor.sv(229) @ 255000: uvm_test_top.axi_env_0.axi_agent_0.axi_monitor_0 [READ_MON] AR Phase full = '{0, 0, 0, 0, 0, 0, 0, 0, 0, 0}
# UVM_INFO /home/users/i77031/Work/AXI_full/uvm//axi_monitor.sv(230) @ 255000: uvm_test_top.axi_env_0.axi_agent_0.axi_monitor_0 [READ_MON] R Phase full completed = '{0, 0, 0, 0, 0, 0, 0, 0, 0, 0}
# UVM_INFO /home/users/i77031/Work/AXI_full/uvm//axi_monitor.sv(105) @ 255000: uvm_test_top.axi_env_0.axi_agent_0.axi_monitor_0 [READ_MON] 
# mon_w_valid_o        | 0
# mon_w_beat_count     | 0
# mon_w_data_o         | 0
# mon_w_addr_o         | 0
# mon_r_last_o         | 0
# mon_r_valid_o        | 0
# mon_r_data_o         | 0
# mon_r_addr_o         | 0
# 
# AW.addr              | x
# AW.id                | x
# AW.len               | x
# AW.size              | x
# AW.burst             | x
# AW.lock              | x
# AW.cache             | x
# AW.prot              | x
# AW.valid             | x
# AW.ready             | 1
# 
# W.data               | x
# W.strb               | x
# W.last               | x
# W.valid              | x
# 
# AR.addr              | x
# AR.id                | x
# AR.len               | x
# AR.size              | x
# AR.burst             | x
# AR.lock              | x
# AR.cache             | x
# AR.prot              | x
# AR.valid             | x
# AR.ready             | 1
# 
# B.id                 | 0
# B.resp               | 0
# B.valid              | 0
# B.ready              | x
# 
# R.id                 | 0
# R.data               | 0
# R.resp               | 0
# R.last               | 0
# R.valid              | 0
# R.ready              | x
# 
# UVM_INFO /home/users/i77031/Work/AXI_full/uvm//axi_monitor.sv(61) @ 255000: uvm_test_top.axi_env_0.axi_agent_0.axi_monitor_0 [WRITE_MON] Completed write_in = '{0, 0, 0, 0, 0, 0, 0, 0, 0, 0}
# UVM_INFO /home/users/i77031/Work/AXI_full/uvm//axi_monitor.sv(58) @ 255000: uvm_test_top.axi_env_0.axi_agent_0.axi_monitor_0 [WRITE_MON] 
# mon_w_valid_o        | x
# mon_w_beat_count     | x
# mon_w_data_o         | x
# mon_w_addr_o         | x
# mon_r_last_o         | x
# mon_r_valid_o        | x
# mon_r_data_o         | x
# mon_r_addr_o         | x
# 
# AW.addr              | 24
# AW.id                | 0
# AW.len               | 3
# AW.size              | 2
# AW.burst             | 2
# AW.lock              | 0
# AW.cache             | 0
# AW.prot              | 0
# AW.valid             | 0
# AW.ready             | x
# 
# W.data               | 9b04
# W.strb               | f
# W.last               | 1
# W.valid              | 0
# 
# AR.addr              | 0
# AR.id                | 0
# AR.len               | 0
# AR.size              | 0
# AR.burst             | 0
# AR.lock              | 0
# AR.cache             | 0
# AR.prot              | 0
# AR.valid             | 0
# AR.ready             | x
# 
# B.id                 | x
# B.resp               | x
# B.valid              | x
# B.ready              | 0
# 
# R.id                 | x
# R.data               | x
# R.resp               | x
# R.last               | x
# R.valid              | x
# R.ready              | 0
# 
# UVM_INFO /home/users/i77031/Work/AXI_full/uvm//axi_transaction.sv(414) @ 255000: uvm_test_top.axi_env_0.axi_agent_0.axi_sequencer_0@@axi_id_wr_rd_seq [READ_SEQ] Generating Multi-ID Read sequence 1: 
# UVM_INFO /home/users/i77031/Work/AXI_full/uvm//axi_driver.sv(160) @ 265000: uvm_test_top.axi_env_0.axi_agent_0.axi_driver_0 [WRITE_DRIVER] Got AR Ready
# UVM_INFO /home/users/i77031/Work/AXI_full/uvm//axi_monitor.sv(61) @ 265000: uvm_test_top.axi_env_0.axi_agent_0.axi_monitor_0 [WRITE_MON] Completed write_in = '{0, 0, 0, 0, 0, 0, 0, 0, 0, 0}
# UVM_INFO /home/users/i77031/Work/AXI_full/uvm//axi_monitor.sv(58) @ 265000: uvm_test_top.axi_env_0.axi_agent_0.axi_monitor_0 [WRITE_MON] 
# mon_w_valid_o        | x
# mon_w_beat_count     | x
# mon_w_data_o         | x
# mon_w_addr_o         | x
# mon_r_last_o         | x
# mon_r_valid_o        | x
# mon_r_data_o         | x
# mon_r_addr_o         | x
# 
# AW.addr              | 24
# AW.id                | 0
# AW.len               | 3
# AW.size              | 2
# AW.burst             | 2
# AW.lock              | 0
# AW.cache             | 0
# AW.prot              | 0
# AW.valid             | 0
# AW.ready             | x
# 
# W.data               | 9b04
# W.strb               | f
# W.last               | 1
# W.valid              | 0
# 
# AR.addr              | 24
# AR.id                | 0
# AR.len               | 3
# AR.size              | 2
# AR.burst             | 2
# AR.lock              | 0
# AR.cache             | 0
# AR.prot              | 0
# AR.valid             | 1
# AR.ready             | x
# 
# B.id                 | x
# B.resp               | x
# B.valid              | x
# B.ready              | 0
# 
# R.id                 | x
# R.data               | x
# R.resp               | x
# R.last               | x
# R.valid              | x
# R.ready              | 0
# 
# UVM_INFO /home/users/i77031/Work/AXI_full/uvm//axi_monitor.sv(108) @ 265000: uvm_test_top.axi_env_0.axi_agent_0.axi_monitor_0 [READ_MON] Completed read_out = '{0, 0, 0, 0, 0, 0, 0, 0, 0, 0}
# UVM_INFO /home/users/i77031/Work/AXI_full/uvm//axi_monitor.sv(207) @ 265000: uvm_test_top.axi_env_0.axi_agent_0.axi_monitor_0 [READ_MON] AR ID queue = '{0}
# UVM_INFO /home/users/i77031/Work/AXI_full/uvm//axi_monitor.sv(208) @ 265000: uvm_test_top.axi_env_0.axi_agent_0.axi_monitor_0 [READ_MON] completed_ar_phase[0] = 1
# UVM_INFO /home/users/i77031/Work/AXI_full/uvm//axi_monitor.sv(211) @ 265000: uvm_test_top.axi_env_0.axi_agent_0.axi_monitor_0 [READ_MON] AR Phase = '{1, 0, 0, 0, 0, 0, 0, 0, 0, 0}
# UVM_INFO /home/users/i77031/Work/AXI_full/uvm//axi_monitor.sv(212) @ 265000: uvm_test_top.axi_env_0.axi_agent_0.axi_monitor_0 [MON_ID] AR ID queue 1 = '{0}
# UVM_INFO /home/users/i77031/Work/AXI_full/uvm//axi_monitor.sv(213) @ 265000: uvm_test_top.axi_env_0.axi_agent_0.axi_monitor_0 [READ_MON] completed_ar_phase[0] = 1
# UVM_INFO /home/users/i77031/Work/AXI_full/uvm//axi_monitor.sv(229) @ 265000: uvm_test_top.axi_env_0.axi_agent_0.axi_monitor_0 [READ_MON] AR Phase full = '{1, 0, 0, 0, 0, 0, 0, 0, 0, 0}
# UVM_INFO /home/users/i77031/Work/AXI_full/uvm//axi_monitor.sv(230) @ 265000: uvm_test_top.axi_env_0.axi_agent_0.axi_monitor_0 [READ_MON] R Phase full completed = '{0, 0, 0, 0, 0, 0, 0, 0, 0, 0}
# UVM_INFO /home/users/i77031/Work/AXI_full/uvm//axi_monitor.sv(105) @ 265000: uvm_test_top.axi_env_0.axi_agent_0.axi_monitor_0 [READ_MON] 
# mon_w_valid_o        | 0
# mon_w_beat_count     | 0
# mon_w_data_o         | 0
# mon_w_addr_o         | 0
# mon_r_last_o         | 0
# mon_r_valid_o        | 0
# mon_r_data_o         | 0
# mon_r_addr_o         | 0
# 
# AW.addr              | x
# AW.id                | x
# AW.len               | x
# AW.size              | x
# AW.burst             | x
# AW.lock              | x
# AW.cache             | x
# AW.prot              | x
# AW.valid             | x
# AW.ready             | 1
# 
# W.data               | x
# W.strb               | x
# W.last               | x
# W.valid              | x
# 
# AR.addr              | x
# AR.id                | x
# AR.len               | x
# AR.size              | x
# AR.burst             | x
# AR.lock              | x
# AR.cache             | x
# AR.prot              | x
# AR.valid             | x
# AR.ready             | 1
# 
# B.id                 | 0
# B.resp               | 0
# B.valid              | 0
# B.ready              | x
# 
# R.id                 | 0
# R.data               | 0
# R.resp               | 0
# R.last               | 0
# R.valid              | 0
# R.ready              | x
# 
# UVM_INFO /home/users/i77031/Work/AXI_full/uvm//axi_monitor.sv(108) @ 275000: uvm_test_top.axi_env_0.axi_agent_0.axi_monitor_0 [READ_MON] Completed read_out = '{0, 0, 0, 0, 0, 0, 0, 0, 0, 0}
# UVM_INFO /home/users/i77031/Work/AXI_full/uvm//axi_monitor.sv(229) @ 275000: uvm_test_top.axi_env_0.axi_agent_0.axi_monitor_0 [READ_MON] AR Phase full = '{1, 0, 0, 0, 0, 0, 0, 0, 0, 0}
# UVM_INFO /home/users/i77031/Work/AXI_full/uvm//axi_monitor.sv(230) @ 275000: uvm_test_top.axi_env_0.axi_agent_0.axi_monitor_0 [READ_MON] R Phase full completed = '{0, 0, 0, 0, 0, 0, 0, 0, 0, 0}
# UVM_INFO /home/users/i77031/Work/AXI_full/uvm//axi_monitor.sv(105) @ 275000: uvm_test_top.axi_env_0.axi_agent_0.axi_monitor_0 [READ_MON] 
# mon_w_valid_o        | 0
# mon_w_beat_count     | 0
# mon_w_data_o         | 0
# mon_w_addr_o         | 0
# mon_r_last_o         | 0
# mon_r_valid_o        | 0
# mon_r_data_o         | 0
# mon_r_addr_o         | 0
# 
# AW.addr              | x
# AW.id                | x
# AW.len               | x
# AW.size              | x
# AW.burst             | x
# AW.lock              | x
# AW.cache             | x
# AW.prot              | x
# AW.valid             | x
# AW.ready             | 1
# 
# W.data               | x
# W.strb               | x
# W.last               | x
# W.valid              | x
# 
# AR.addr              | x
# AR.id                | x
# AR.len               | x
# AR.size              | x
# AR.burst             | x
# AR.lock              | x
# AR.cache             | x
# AR.prot              | x
# AR.valid             | x
# AR.ready             | 1
# 
# B.id                 | 0
# B.resp               | 0
# B.valid              | 0
# B.ready              | x
# 
# R.id                 | 0
# R.data               | 0
# R.resp               | 0
# R.last               | 0
# R.valid              | 0
# R.ready              | x
# 
# UVM_INFO /home/users/i77031/Work/AXI_full/uvm//axi_monitor.sv(61) @ 275000: uvm_test_top.axi_env_0.axi_agent_0.axi_monitor_0 [WRITE_MON] Completed write_in = '{0, 0, 0, 0, 0, 0, 0, 0, 0, 0}
# UVM_INFO /home/users/i77031/Work/AXI_full/uvm//axi_monitor.sv(58) @ 275000: uvm_test_top.axi_env_0.axi_agent_0.axi_monitor_0 [WRITE_MON] 
# mon_w_valid_o        | x
# mon_w_beat_count     | x
# mon_w_data_o         | x
# mon_w_addr_o         | x
# mon_r_last_o         | x
# mon_r_valid_o        | x
# mon_r_data_o         | x
# mon_r_addr_o         | x
# 
# AW.addr              | 24
# AW.id                | 0
# AW.len               | 3
# AW.size              | 2
# AW.burst             | 2
# AW.lock              | 0
# AW.cache             | 0
# AW.prot              | 0
# AW.valid             | 0
# AW.ready             | x
# 
# W.data               | 9b04
# W.strb               | f
# W.last               | 1
# W.valid              | 0
# 
# AR.addr              | 24
# AR.id                | 0
# AR.len               | 3
# AR.size              | 2
# AR.burst             | 2
# AR.lock              | 0
# AR.cache             | 0
# AR.prot              | 0
# AR.valid             | 0
# AR.ready             | x
# 
# B.id                 | x
# B.resp               | x
# B.valid              | x
# B.ready              | 0
# 
# R.id                 | x
# R.data               | x
# R.resp               | x
# R.last               | x
# R.valid              | x
# R.ready              | 1
# 
# UVM_INFO /home/users/i77031/Work/AXI_full/uvm//axi_driver.sv(180) @ 285000: uvm_test_top.axi_env_0.axi_agent_0.axi_driver_0 [READ_DRIVER] Got R Valid
# UVM_INFO /home/users/i77031/Work/AXI_full/uvm//axi_driver.sv(181) @ 285000: uvm_test_top.axi_env_0.axi_agent_0.axi_driver_0 [READ_DRIVER] Read data = 00000fe1
# UVM_INFO /home/users/i77031/Work/AXI_full/uvm//axi_monitor.sv(61) @ 285000: uvm_test_top.axi_env_0.axi_agent_0.axi_monitor_0 [WRITE_MON] Completed write_in = '{0, 0, 0, 0, 0, 0, 0, 0, 0, 0}
# UVM_INFO /home/users/i77031/Work/AXI_full/uvm//axi_monitor.sv(58) @ 285000: uvm_test_top.axi_env_0.axi_agent_0.axi_monitor_0 [WRITE_MON] 
# mon_w_valid_o        | x
# mon_w_beat_count     | x
# mon_w_data_o         | x
# mon_w_addr_o         | x
# mon_r_last_o         | x
# mon_r_valid_o        | x
# mon_r_data_o         | x
# mon_r_addr_o         | x
# 
# AW.addr              | 24
# AW.id                | 0
# AW.len               | 3
# AW.size              | 2
# AW.burst             | 2
# AW.lock              | 0
# AW.cache             | 0
# AW.prot              | 0
# AW.valid             | 0
# AW.ready             | x
# 
# W.data               | 9b04
# W.strb               | f
# W.last               | 1
# W.valid              | 0
# 
# AR.addr              | 24
# AR.id                | 0
# AR.len               | 3
# AR.size              | 2
# AR.burst             | 2
# AR.lock              | 0
# AR.cache             | 0
# AR.prot              | 0
# AR.valid             | 0
# AR.ready             | x
# 
# B.id                 | x
# B.resp               | x
# B.valid              | x
# B.ready              | 0
# 
# R.id                 | x
# R.data               | x
# R.resp               | x
# R.last               | x
# R.valid              | x
# R.ready              | 1
# 
# UVM_INFO /home/users/i77031/Work/AXI_full/uvm//axi_monitor.sv(108) @ 285000: uvm_test_top.axi_env_0.axi_agent_0.axi_monitor_0 [READ_MON] Completed read_out = '{0, 0, 0, 0, 0, 0, 0, 0, 0, 0}
# UVM_INFO /home/users/i77031/Work/AXI_full/uvm//axi_monitor.sv(218) @ 285000: uvm_test_top.axi_env_0.axi_agent_0.axi_monitor_0 [READ_MON] Burst data = '{4065, 0, 0, 0, 0, 0, 0, 0, 0, 0}
# UVM_INFO /home/users/i77031/Work/AXI_full/uvm//axi_monitor.sv(222) @ 285000: uvm_test_top.axi_env_0.axi_agent_0.axi_monitor_0 [READ_MON] R Phase beat number =  1
# UVM_INFO /home/users/i77031/Work/AXI_full/uvm//axi_monitor.sv(229) @ 285000: uvm_test_top.axi_env_0.axi_agent_0.axi_monitor_0 [READ_MON] AR Phase full = '{1, 0, 0, 0, 0, 0, 0, 0, 0, 0}
# UVM_INFO /home/users/i77031/Work/AXI_full/uvm//axi_monitor.sv(230) @ 285000: uvm_test_top.axi_env_0.axi_agent_0.axi_monitor_0 [READ_MON] R Phase full completed = '{0, 0, 0, 0, 0, 0, 0, 0, 0, 0}
# UVM_INFO /home/users/i77031/Work/AXI_full/uvm//axi_monitor.sv(105) @ 285000: uvm_test_top.axi_env_0.axi_agent_0.axi_monitor_0 [READ_MON] 
# mon_w_valid_o        | 0
# mon_w_beat_count     | 0
# mon_w_data_o         | 0
# mon_w_addr_o         | 0
# mon_r_last_o         | 0
# mon_r_valid_o        | 0
# mon_r_data_o         | 0
# mon_r_addr_o         | 0
# 
# AW.addr              | x
# AW.id                | x
# AW.len               | x
# AW.size              | x
# AW.burst             | x
# AW.lock              | x
# AW.cache             | x
# AW.prot              | x
# AW.valid             | x
# AW.ready             | 1
# 
# W.data               | x
# W.strb               | x
# W.last               | x
# W.valid              | x
# 
# AR.addr              | x
# AR.id                | x
# AR.len               | x
# AR.size              | x
# AR.burst             | x
# AR.lock              | x
# AR.cache             | x
# AR.prot              | x
# AR.valid             | x
# AR.ready             | 1
# 
# B.id                 | 0
# B.resp               | 0
# B.valid              | 0
# B.ready              | x
# 
# R.id                 | 0
# R.data               | fe1
# R.resp               | 0
# R.last               | 0
# R.valid              | 1
# R.ready              | x
# 
# UVM_INFO /home/users/i77031/Work/AXI_full/uvm//axi_monitor.sv(108) @ 295000: uvm_test_top.axi_env_0.axi_agent_0.axi_monitor_0 [READ_MON] Completed read_out = '{0, 0, 0, 0, 0, 0, 0, 0, 0, 0}
# UVM_INFO /home/users/i77031/Work/AXI_full/uvm//axi_monitor.sv(218) @ 295000: uvm_test_top.axi_env_0.axi_agent_0.axi_monitor_0 [READ_MON] Burst data = '{4065, 55810, 0, 0, 0, 0, 0, 0, 0, 0}
# UVM_INFO /home/users/i77031/Work/AXI_full/uvm//axi_monitor.sv(222) @ 295000: uvm_test_top.axi_env_0.axi_agent_0.axi_monitor_0 [READ_MON] R Phase beat number =  2
# UVM_INFO /home/users/i77031/Work/AXI_full/uvm//axi_monitor.sv(229) @ 295000: uvm_test_top.axi_env_0.axi_agent_0.axi_monitor_0 [READ_MON] AR Phase full = '{1, 0, 0, 0, 0, 0, 0, 0, 0, 0}
# UVM_INFO /home/users/i77031/Work/AXI_full/uvm//axi_monitor.sv(230) @ 295000: uvm_test_top.axi_env_0.axi_agent_0.axi_monitor_0 [READ_MON] R Phase full completed = '{0, 0, 0, 0, 0, 0, 0, 0, 0, 0}
# UVM_INFO /home/users/i77031/Work/AXI_full/uvm//axi_monitor.sv(105) @ 295000: uvm_test_top.axi_env_0.axi_agent_0.axi_monitor_0 [READ_MON] 
# mon_w_valid_o        | 0
# mon_w_beat_count     | 0
# mon_w_data_o         | 0
# mon_w_addr_o         | 0
# mon_r_last_o         | 0
# mon_r_valid_o        | 1
# mon_r_data_o         | fe1
# mon_r_addr_o         | 24
# 
# AW.addr              | x
# AW.id                | x
# AW.len               | x
# AW.size              | x
# AW.burst             | x
# AW.lock              | x
# AW.cache             | x
# AW.prot              | x
# AW.valid             | x
# AW.ready             | 1
# 
# W.data               | x
# W.strb               | x
# W.last               | x
# W.valid              | x
# 
# AR.addr              | x
# AR.id                | x
# AR.len               | x
# AR.size              | x
# AR.burst             | x
# AR.lock              | x
# AR.cache             | x
# AR.prot              | x
# AR.valid             | x
# AR.ready             | 1
# 
# B.id                 | 0
# B.resp               | 0
# B.valid              | 0
# B.ready              | x
# 
# R.id                 | 0
# R.data               | da02
# R.resp               | 0
# R.last               | 0
# R.valid              | 1
# R.ready              | x
# 
# UVM_INFO /home/users/i77031/Work/AXI_full/uvm//axi_monitor.sv(61) @ 295000: uvm_test_top.axi_env_0.axi_agent_0.axi_monitor_0 [WRITE_MON] Completed write_in = '{0, 0, 0, 0, 0, 0, 0, 0, 0, 0}
# UVM_INFO /home/users/i77031/Work/AXI_full/uvm//axi_monitor.sv(58) @ 295000: uvm_test_top.axi_env_0.axi_agent_0.axi_monitor_0 [WRITE_MON] 
# mon_w_valid_o        | x
# mon_w_beat_count     | x
# mon_w_data_o         | x
# mon_w_addr_o         | x
# mon_r_last_o         | x
# mon_r_valid_o        | x
# mon_r_data_o         | x
# mon_r_addr_o         | x
# 
# AW.addr              | 24
# AW.id                | 0
# AW.len               | 3
# AW.size              | 2
# AW.burst             | 2
# AW.lock              | 0
# AW.cache             | 0
# AW.prot              | 0
# AW.valid             | 0
# AW.ready             | x
# 
# W.data               | 9b04
# W.strb               | f
# W.last               | 1
# W.valid              | 0
# 
# AR.addr              | 24
# AR.id                | 0
# AR.len               | 3
# AR.size              | 2
# AR.burst             | 2
# AR.lock              | 0
# AR.cache             | 0
# AR.prot              | 0
# AR.valid             | 0
# AR.ready             | x
# 
# B.id                 | x
# B.resp               | x
# B.valid              | x
# B.ready              | 0
# 
# R.id                 | x
# R.data               | x
# R.resp               | x
# R.last               | x
# R.valid              | x
# R.ready              | 1
# 
# UVM_INFO /home/users/i77031/Work/AXI_full/uvm//axi_driver.sv(180) @ 295000: uvm_test_top.axi_env_0.axi_agent_0.axi_driver_0 [READ_DRIVER] Got R Valid
# UVM_INFO /home/users/i77031/Work/AXI_full/uvm//axi_driver.sv(181) @ 295000: uvm_test_top.axi_env_0.axi_agent_0.axi_driver_0 [READ_DRIVER] Read data = 0000da02
# UVM_INFO /home/users/i77031/Work/AXI_full/uvm//axi_driver.sv(180) @ 305000: uvm_test_top.axi_env_0.axi_agent_0.axi_driver_0 [READ_DRIVER] Got R Valid
# UVM_INFO /home/users/i77031/Work/AXI_full/uvm//axi_driver.sv(181) @ 305000: uvm_test_top.axi_env_0.axi_agent_0.axi_driver_0 [READ_DRIVER] Read data = 0000ce03
# UVM_INFO /home/users/i77031/Work/AXI_full/uvm//axi_monitor.sv(61) @ 305000: uvm_test_top.axi_env_0.axi_agent_0.axi_monitor_0 [WRITE_MON] Completed write_in = '{0, 0, 0, 0, 0, 0, 0, 0, 0, 0}
# UVM_INFO /home/users/i77031/Work/AXI_full/uvm//axi_monitor.sv(58) @ 305000: uvm_test_top.axi_env_0.axi_agent_0.axi_monitor_0 [WRITE_MON] 
# mon_w_valid_o        | x
# mon_w_beat_count     | x
# mon_w_data_o         | x
# mon_w_addr_o         | x
# mon_r_last_o         | x
# mon_r_valid_o        | x
# mon_r_data_o         | x
# mon_r_addr_o         | x
# 
# AW.addr              | 24
# AW.id                | 0
# AW.len               | 3
# AW.size              | 2
# AW.burst             | 2
# AW.lock              | 0
# AW.cache             | 0
# AW.prot              | 0
# AW.valid             | 0
# AW.ready             | x
# 
# W.data               | 9b04
# W.strb               | f
# W.last               | 1
# W.valid              | 0
# 
# AR.addr              | 24
# AR.id                | 0
# AR.len               | 3
# AR.size              | 2
# AR.burst             | 2
# AR.lock              | 0
# AR.cache             | 0
# AR.prot              | 0
# AR.valid             | 0
# AR.ready             | x
# 
# B.id                 | x
# B.resp               | x
# B.valid              | x
# B.ready              | 0
# 
# R.id                 | x
# R.data               | x
# R.resp               | x
# R.last               | x
# R.valid              | x
# R.ready              | 1
# 
# UVM_INFO /home/users/i77031/Work/AXI_full/uvm//axi_monitor.sv(108) @ 305000: uvm_test_top.axi_env_0.axi_agent_0.axi_monitor_0 [READ_MON] Completed read_out = '{0, 0, 0, 0, 0, 0, 0, 0, 0, 0}
# UVM_INFO /home/users/i77031/Work/AXI_full/uvm//axi_monitor.sv(218) @ 305000: uvm_test_top.axi_env_0.axi_agent_0.axi_monitor_0 [READ_MON] Burst data = '{4065, 55810, 52739, 0, 0, 0, 0, 0, 0, 0}
# UVM_INFO /home/users/i77031/Work/AXI_full/uvm//axi_monitor.sv(222) @ 305000: uvm_test_top.axi_env_0.axi_agent_0.axi_monitor_0 [READ_MON] R Phase beat number =  3
# UVM_INFO /home/users/i77031/Work/AXI_full/uvm//axi_monitor.sv(229) @ 305000: uvm_test_top.axi_env_0.axi_agent_0.axi_monitor_0 [READ_MON] AR Phase full = '{1, 0, 0, 0, 0, 0, 0, 0, 0, 0}
# UVM_INFO /home/users/i77031/Work/AXI_full/uvm//axi_monitor.sv(230) @ 305000: uvm_test_top.axi_env_0.axi_agent_0.axi_monitor_0 [READ_MON] R Phase full completed = '{0, 0, 0, 0, 0, 0, 0, 0, 0, 0}
# UVM_INFO /home/users/i77031/Work/AXI_full/uvm//axi_monitor.sv(105) @ 305000: uvm_test_top.axi_env_0.axi_agent_0.axi_monitor_0 [READ_MON] 
# mon_w_valid_o        | 0
# mon_w_beat_count     | 0
# mon_w_data_o         | 0
# mon_w_addr_o         | 0
# mon_r_last_o         | 0
# mon_r_valid_o        | 1
# mon_r_data_o         | da02
# mon_r_addr_o         | 28
# 
# AW.addr              | x
# AW.id                | x
# AW.len               | x
# AW.size              | x
# AW.burst             | x
# AW.lock              | x
# AW.cache             | x
# AW.prot              | x
# AW.valid             | x
# AW.ready             | 1
# 
# W.data               | x
# W.strb               | x
# W.last               | x
# W.valid              | x
# 
# AR.addr              | x
# AR.id                | x
# AR.len               | x
# AR.size              | x
# AR.burst             | x
# AR.lock              | x
# AR.cache             | x
# AR.prot              | x
# AR.valid             | x
# AR.ready             | 1
# 
# B.id                 | 0
# B.resp               | 0
# B.valid              | 0
# B.ready              | x
# 
# R.id                 | 0
# R.data               | ce03
# R.resp               | 0
# R.last               | 0
# R.valid              | 1
# R.ready              | x
# 
# UVM_INFO /home/users/i77031/Work/AXI_full/uvm//axi_monitor.sv(108) @ 315000: uvm_test_top.axi_env_0.axi_agent_0.axi_monitor_0 [READ_MON] Completed read_out = '{0, 0, 0, 0, 0, 0, 0, 0, 0, 0}
# UVM_INFO /home/users/i77031/Work/AXI_full/uvm//axi_monitor.sv(218) @ 315000: uvm_test_top.axi_env_0.axi_agent_0.axi_monitor_0 [READ_MON] Burst data = '{4065, 55810, 52739, 39684, 0, 0, 0, 0, 0, 0}
# UVM_INFO /home/users/i77031/Work/AXI_full/uvm//axi_monitor.sv(222) @ 315000: uvm_test_top.axi_env_0.axi_agent_0.axi_monitor_0 [READ_MON] R Phase beat number =  4
# UVM_INFO /home/users/i77031/Work/AXI_full/uvm//axi_monitor.sv(225) @ 315000: uvm_test_top.axi_env_0.axi_agent_0.axi_monitor_0 [READ_MON] R Phase completed = 1
# UVM_INFO /home/users/i77031/Work/AXI_full/uvm//axi_monitor.sv(229) @ 315000: uvm_test_top.axi_env_0.axi_agent_0.axi_monitor_0 [READ_MON] AR Phase full = '{1, 0, 0, 0, 0, 0, 0, 0, 0, 0}
# UVM_INFO /home/users/i77031/Work/AXI_full/uvm//axi_monitor.sv(230) @ 315000: uvm_test_top.axi_env_0.axi_agent_0.axi_monitor_0 [READ_MON] R Phase full completed = '{1, 0, 0, 0, 0, 0, 0, 0, 0, 0}
# UVM_INFO /home/users/i77031/Work/AXI_full/uvm//axi_monitor.sv(105) @ 315000: uvm_test_top.axi_env_0.axi_agent_0.axi_monitor_0 [READ_MON] 
# mon_w_valid_o        | 0
# mon_w_beat_count     | 0
# mon_w_data_o         | 0
# mon_w_addr_o         | 0
# mon_r_last_o         | 0
# mon_r_valid_o        | 1
# mon_r_data_o         | ce03
# mon_r_addr_o         | 2c
# 
# AW.addr              | x
# AW.id                | x
# AW.len               | x
# AW.size              | x
# AW.burst             | x
# AW.lock              | x
# AW.cache             | x
# AW.prot              | x
# AW.valid             | x
# AW.ready             | 1
# 
# W.data               | x
# W.strb               | x
# W.last               | x
# W.valid              | x
# 
# AR.addr              | x
# AR.id                | x
# AR.len               | x
# AR.size              | x
# AR.burst             | x
# AR.lock              | x
# AR.cache             | x
# AR.prot              | x
# AR.valid             | x
# AR.ready             | 1
# 
# B.id                 | 0
# B.resp               | 0
# B.valid              | 0
# B.ready              | x
# 
# R.id                 | 0
# R.data               | 9b04
# R.resp               | 0
# R.last               | 1
# R.valid              | 1
# R.ready              | x
# 
# UVM_INFO /home/users/i77031/Work/AXI_full/uvm//axi_monitor.sv(61) @ 315000: uvm_test_top.axi_env_0.axi_agent_0.axi_monitor_0 [WRITE_MON] Completed write_in = '{0, 0, 0, 0, 0, 0, 0, 0, 0, 0}
# UVM_INFO /home/users/i77031/Work/AXI_full/uvm//axi_monitor.sv(58) @ 315000: uvm_test_top.axi_env_0.axi_agent_0.axi_monitor_0 [WRITE_MON] 
# mon_w_valid_o        | x
# mon_w_beat_count     | x
# mon_w_data_o         | x
# mon_w_addr_o         | x
# mon_r_last_o         | x
# mon_r_valid_o        | x
# mon_r_data_o         | x
# mon_r_addr_o         | x
# 
# AW.addr              | 24
# AW.id                | 0
# AW.len               | 3
# AW.size              | 2
# AW.burst             | 2
# AW.lock              | 0
# AW.cache             | 0
# AW.prot              | 0
# AW.valid             | 0
# AW.ready             | x
# 
# W.data               | 9b04
# W.strb               | f
# W.last               | 1
# W.valid              | 0
# 
# AR.addr              | 24
# AR.id                | 0
# AR.len               | 3
# AR.size              | 2
# AR.burst             | 2
# AR.lock              | 0
# AR.cache             | 0
# AR.prot              | 0
# AR.valid             | 0
# AR.ready             | x
# 
# B.id                 | x
# B.resp               | x
# B.valid              | x
# B.ready              | 0
# 
# R.id                 | x
# R.data               | x
# R.resp               | x
# R.last               | x
# R.valid              | x
# R.ready              | 1
# 
# UVM_INFO /home/users/i77031/Work/AXI_full/uvm//axi_driver.sv(180) @ 315000: uvm_test_top.axi_env_0.axi_agent_0.axi_driver_0 [READ_DRIVER] Got R Valid
# UVM_INFO /home/users/i77031/Work/AXI_full/uvm//axi_driver.sv(181) @ 315000: uvm_test_top.axi_env_0.axi_agent_0.axi_driver_0 [READ_DRIVER] Read data = 00009b04
# UVM_INFO /home/users/i77031/Work/AXI_full/uvm//axi_monitor.sv(61) @ 325000: uvm_test_top.axi_env_0.axi_agent_0.axi_monitor_0 [WRITE_MON] Completed write_in = '{0, 0, 0, 0, 0, 0, 0, 0, 0, 0}
# UVM_INFO /home/users/i77031/Work/AXI_full/uvm//axi_monitor.sv(58) @ 325000: uvm_test_top.axi_env_0.axi_agent_0.axi_monitor_0 [WRITE_MON] 
# mon_w_valid_o        | x
# mon_w_beat_count     | x
# mon_w_data_o         | x
# mon_w_addr_o         | x
# mon_r_last_o         | x
# mon_r_valid_o        | x
# mon_r_data_o         | x
# mon_r_addr_o         | x
# 
# AW.addr              | 24
# AW.id                | 0
# AW.len               | 3
# AW.size              | 2
# AW.burst             | 2
# AW.lock              | 0
# AW.cache             | 0
# AW.prot              | 0
# AW.valid             | 0
# AW.ready             | x
# 
# W.data               | 9b04
# W.strb               | f
# W.last               | 1
# W.valid              | 0
# 
# AR.addr              | 24
# AR.id                | 0
# AR.len               | 3
# AR.size              | 2
# AR.burst             | 2
# AR.lock              | 0
# AR.cache             | 0
# AR.prot              | 0
# AR.valid             | 0
# AR.ready             | x
# 
# B.id                 | x
# B.resp               | x
# B.valid              | x
# B.ready              | 0
# 
# R.id                 | x
# R.data               | x
# R.resp               | x
# R.last               | x
# R.valid              | x
# R.ready              | 1
# 
# UVM_INFO /home/users/i77031/Work/AXI_full/uvm//axi_monitor.sv(108) @ 325000: uvm_test_top.axi_env_0.axi_agent_0.axi_monitor_0 [READ_MON] Completed read_out = '{1, 0, 0, 0, 0, 0, 0, 0, 0, 0}
# UVM_INFO /home/users/i77031/Work/AXI_full/uvm//axi_monitor.sv(126) @ 325000: uvm_test_top.axi_env_0.axi_agent_0.axi_monitor_0 [READ_MON] Read Burst data to scoreboard = '{4065, 55810, 52739, 39684, x, x, x, x, x, x}
# UVM_INFO /home/users/i77031/Work/AXI_full/uvm//axi_monitor.sv(229) @ 325000: uvm_test_top.axi_env_0.axi_agent_0.axi_monitor_0 [READ_MON] AR Phase full = '{0, 0, 0, 0, 0, 0, 0, 0, 0, 0}
# UVM_INFO /home/users/i77031/Work/AXI_full/uvm//axi_monitor.sv(230) @ 325000: uvm_test_top.axi_env_0.axi_agent_0.axi_monitor_0 [READ_MON] R Phase full completed = '{0, 0, 0, 0, 0, 0, 0, 0, 0, 0}
# UVM_INFO /home/users/i77031/Work/AXI_full/uvm//axi_monitor.sv(105) @ 325000: uvm_test_top.axi_env_0.axi_agent_0.axi_monitor_0 [READ_MON] 
# mon_w_valid_o        | 0
# mon_w_beat_count     | 0
# mon_w_data_o         | 0
# mon_w_addr_o         | 0
# mon_r_last_o         | 1
# mon_r_valid_o        | 1
# mon_r_data_o         | 9b04
# mon_r_addr_o         | 20
# 
# AW.addr              | x
# AW.id                | x
# AW.len               | x
# AW.size              | x
# AW.burst             | x
# AW.lock              | x
# AW.cache             | x
# AW.prot              | x
# AW.valid             | x
# AW.ready             | 1
# 
# W.data               | x
# W.strb               | x
# W.last               | x
# W.valid              | x
# 
# AR.addr              | x
# AR.id                | x
# AR.len               | x
# AR.size              | x
# AR.burst             | x
# AR.lock              | x
# AR.cache             | x
# AR.prot              | x
# AR.valid             | x
# AR.ready             | 1
# 
# B.id                 | 0
# B.resp               | 0
# B.valid              | 0
# B.ready              | x
# 
# R.id                 | 0
# R.data               | 9b04
# R.resp               | 0
# R.last               | 1
# R.valid              | 0
# R.ready              | x
# 
# UVM_INFO /home/users/i77031/Work/AXI_full/uvm//axi_scoreboard.sv(109) @ 325000: uvm_test_top.axi_env_0.axi_scoreboard_0 [SCOREBOARD_TX_OUT] 
# mon_w_valid_o        | 0
# mon_w_beat_count     | 0
# mon_w_data_o         | 0
# mon_w_addr_o         | 0
# mon_r_last_o         | 0
# mon_r_valid_o        | 1
# mon_r_data_o         | ce03
# mon_r_addr_o         | 2c
# 
# AW.addr              | x
# AW.id                | x
# AW.len               | x
# AW.size              | x
# AW.burst             | x
# AW.lock              | x
# AW.cache             | x
# AW.prot              | x
# AW.valid             | x
# AW.ready             | 1
# 
# W.data               | x
# W.strb               | x
# W.last               | x
# W.valid              | x
# 
# AR.addr              | 24
# AR.id                | 0
# AR.len               | 3
# AR.size              | 2
# AR.burst             | 2
# AR.lock              | x
# AR.cache             | x
# AR.prot              | x
# AR.valid             | x
# AR.ready             | 1
# 
# B.id                 | 0
# B.resp               | 0
# B.valid              | 0
# B.ready              | x
# 
# R.id                 | 0
# R.data               | 9b04
# R.resp               | 0
# R.last               | 1
# R.valid              | 1
# R.ready              | x
# 
# UVM_INFO /home/users/i77031/Work/AXI_full/uvm//axi_scoreboard.sv(217) @ 325000: uvm_test_top.axi_env_0.axi_scoreboard_0 [SCOREBOARD_AR] 
# mon_w_valid_o        | 0
# mon_w_beat_count     | 0
# mon_w_data_o         | 0
# mon_w_addr_o         | 0
# mon_r_last_o         | 0
# mon_r_valid_o        | 1
# mon_r_data_o         | ce03
# mon_r_addr_o         | 2c
# 
# AW.addr              | x
# AW.id                | x
# AW.len               | x
# AW.size              | x
# AW.burst             | x
# AW.lock              | x
# AW.cache             | x
# AW.prot              | x
# AW.valid             | x
# AW.ready             | 1
# 
# W.data               | x
# W.strb               | x
# W.last               | x
# W.valid              | x
# 
# AR.addr              | 24
# AR.id                | 0
# AR.len               | 3
# AR.size              | 2
# AR.burst             | 2
# AR.lock              | x
# AR.cache             | x
# AR.prot              | x
# AR.valid             | x
# AR.ready             | 1
# 
# B.id                 | 0
# B.resp               | 0
# B.valid              | 0
# B.ready              | x
# 
# R.id                 | 0
# R.data               | 9b04
# R.resp               | 0
# R.last               | 1
# R.valid              | 1
# R.ready              | x
# 
# UVM_INFO /home/users/i77031/Work/AXI_full/uvm//axi_scoreboard.sv(222) @ 325000: uvm_test_top.axi_env_0.axi_scoreboard_0 [SCOREBOARD_AR] Read Burst type = 10
# UVM_INFO /home/users/i77031/Work/AXI_full/uvm//axi_scoreboard.sv(239) @ 325000: uvm_test_top.axi_env_0.axi_scoreboard_0 [SCOREBOARD_AR] Calculating Read wrapping burst addr
# UVM_INFO /home/users/i77031/Work/AXI_full/uvm//axi_scoreboard.sv(241) @ 325000: uvm_test_top.axi_env_0.axi_scoreboard_0 [SCOREBOARD_AR] burst addr = 0x4
# UVM_INFO /home/users/i77031/Work/AXI_full/uvm//axi_scoreboard.sv(243) @ 325000: uvm_test_top.axi_env_0.axi_scoreboard_0 [SCOREBOARD_AR] Wrap boundary = 0x10
# UVM_INFO /home/users/i77031/Work/AXI_full/uvm//axi_scoreboard.sv(244) @ 325000: uvm_test_top.axi_env_0.axi_scoreboard_0 [SCOREBOARD_AR] Wrapping burst addr = 0x4
# UVM_INFO /home/users/i77031/Work/AXI_full/uvm//axi_scoreboard.sv(269) @ 325000: uvm_test_top.axi_env_0.axi_scoreboard_0 [SCOREBOARD_R] Burst Reading
# UVM_INFO /home/users/i77031/Work/AXI_full/uvm//axi_scoreboard.sv(270) @ 325000: uvm_test_top.axi_env_0.axi_scoreboard_0 [SCOREBOARD_R] Burst data = '{4065, 55810, 52739, 39684, x, x, x, x, x, x}
# UVM_INFO /home/users/i77031/Work/AXI_full/uvm//axi_scoreboard.sv(271) @ 325000: uvm_test_top.axi_env_0.axi_scoreboard_0 [SCOREBOARD_R] Single data = 4065
# UVM_INFO /home/users/i77031/Work/AXI_full/uvm//axi_scoreboard.sv(272) @ 325000: uvm_test_top.axi_env_0.axi_scoreboard_0 [SCOREBOARD_R] Wrap boundary = 0x10
# UVM_INFO /home/users/i77031/Work/AXI_full/uvm//axi_scoreboard.sv(274) @ 325000: uvm_test_top.axi_env_0.axi_scoreboard_0 [SCOREBOARD_R] Reading burst Addr = 0x24
# UVM_INFO /home/users/i77031/Work/AXI_full/uvm//axi_scoreboard.sv(276) @ 325000: uvm_test_top.axi_env_0.axi_scoreboard_0 [SCOREBOARD_R] Item Queue = '{36:4065 }
# UVM_INFO /home/users/i77031/Work/AXI_full/uvm//axi_scoreboard.sv(277) @ 325000: uvm_test_top.axi_env_0.axi_scoreboard_0 [SCOREBOARD_R] Item Queue = 00000fe1
# UVM_INFO /home/users/i77031/Work/AXI_full/uvm//axi_scoreboard.sv(269) @ 325000: uvm_test_top.axi_env_0.axi_scoreboard_0 [SCOREBOARD_R] Burst Reading
# UVM_INFO /home/users/i77031/Work/AXI_full/uvm//axi_scoreboard.sv(270) @ 325000: uvm_test_top.axi_env_0.axi_scoreboard_0 [SCOREBOARD_R] Burst data = '{4065, 55810, 52739, 39684, x, x, x, x, x, x}
# UVM_INFO /home/users/i77031/Work/AXI_full/uvm//axi_scoreboard.sv(271) @ 325000: uvm_test_top.axi_env_0.axi_scoreboard_0 [SCOREBOARD_R] Single data = 55810
# UVM_INFO /home/users/i77031/Work/AXI_full/uvm//axi_scoreboard.sv(272) @ 325000: uvm_test_top.axi_env_0.axi_scoreboard_0 [SCOREBOARD_R] Wrap boundary = 0x10
# UVM_INFO /home/users/i77031/Work/AXI_full/uvm//axi_scoreboard.sv(274) @ 325000: uvm_test_top.axi_env_0.axi_scoreboard_0 [SCOREBOARD_R] Reading burst Addr = 0x28
# UVM_INFO /home/users/i77031/Work/AXI_full/uvm//axi_scoreboard.sv(276) @ 325000: uvm_test_top.axi_env_0.axi_scoreboard_0 [SCOREBOARD_R] Item Queue = '{36:4065, 40:55810 }
# UVM_INFO /home/users/i77031/Work/AXI_full/uvm//axi_scoreboard.sv(277) @ 325000: uvm_test_top.axi_env_0.axi_scoreboard_0 [SCOREBOARD_R] Item Queue = 0000da02
# UVM_INFO /home/users/i77031/Work/AXI_full/uvm//axi_scoreboard.sv(269) @ 325000: uvm_test_top.axi_env_0.axi_scoreboard_0 [SCOREBOARD_R] Burst Reading
# UVM_INFO /home/users/i77031/Work/AXI_full/uvm//axi_scoreboard.sv(270) @ 325000: uvm_test_top.axi_env_0.axi_scoreboard_0 [SCOREBOARD_R] Burst data = '{4065, 55810, 52739, 39684, x, x, x, x, x, x}
# UVM_INFO /home/users/i77031/Work/AXI_full/uvm//axi_scoreboard.sv(271) @ 325000: uvm_test_top.axi_env_0.axi_scoreboard_0 [SCOREBOARD_R] Single data = 52739
# UVM_INFO /home/users/i77031/Work/AXI_full/uvm//axi_scoreboard.sv(272) @ 325000: uvm_test_top.axi_env_0.axi_scoreboard_0 [SCOREBOARD_R] Wrap boundary = 0x10
# UVM_INFO /home/users/i77031/Work/AXI_full/uvm//axi_scoreboard.sv(274) @ 325000: uvm_test_top.axi_env_0.axi_scoreboard_0 [SCOREBOARD_R] Reading burst Addr = 0x2c
# UVM_INFO /home/users/i77031/Work/AXI_full/uvm//axi_scoreboard.sv(276) @ 325000: uvm_test_top.axi_env_0.axi_scoreboard_0 [SCOREBOARD_R] Item Queue = '{36:4065, 40:55810, 44:52739 }
# UVM_INFO /home/users/i77031/Work/AXI_full/uvm//axi_scoreboard.sv(277) @ 325000: uvm_test_top.axi_env_0.axi_scoreboard_0 [SCOREBOARD_R] Item Queue = 0000ce03
# UVM_INFO /home/users/i77031/Work/AXI_full/uvm//axi_scoreboard.sv(269) @ 325000: uvm_test_top.axi_env_0.axi_scoreboard_0 [SCOREBOARD_R] Burst Reading
# UVM_INFO /home/users/i77031/Work/AXI_full/uvm//axi_scoreboard.sv(270) @ 325000: uvm_test_top.axi_env_0.axi_scoreboard_0 [SCOREBOARD_R] Burst data = '{4065, 55810, 52739, 39684, x, x, x, x, x, x}
# UVM_INFO /home/users/i77031/Work/AXI_full/uvm//axi_scoreboard.sv(271) @ 325000: uvm_test_top.axi_env_0.axi_scoreboard_0 [SCOREBOARD_R] Single data = 39684
# UVM_INFO /home/users/i77031/Work/AXI_full/uvm//axi_scoreboard.sv(272) @ 325000: uvm_test_top.axi_env_0.axi_scoreboard_0 [SCOREBOARD_R] Wrap boundary = 0x10
# UVM_INFO /home/users/i77031/Work/AXI_full/uvm//axi_scoreboard.sv(274) @ 325000: uvm_test_top.axi_env_0.axi_scoreboard_0 [SCOREBOARD_R] Reading burst Addr = 0x20
# UVM_INFO /home/users/i77031/Work/AXI_full/uvm//axi_scoreboard.sv(276) @ 325000: uvm_test_top.axi_env_0.axi_scoreboard_0 [SCOREBOARD_R] Item Queue = '{32:39684, 36:4065, 40:55810, 44:52739 }
# UVM_INFO /home/users/i77031/Work/AXI_full/uvm//axi_scoreboard.sv(277) @ 325000: uvm_test_top.axi_env_0.axi_scoreboard_0 [SCOREBOARD_R] Item Queue = 00009b04
# UVM_INFO /home/users/i77031/Work/AXI_full/uvm//axi_scoreboard.sv(131) @ 325000: uvm_test_top.axi_env_0.axi_scoreboard_0 [COMPARISON] DONE_READ
# UVM_INFO /home/users/i77031/Work/AXI_full/uvm//axi_scoreboard.sv(138) @ 325000: uvm_test_top.axi_env_0.axi_scoreboard_0 [COMPARISON] Comparison addr = 0x24
# UVM_INFO /home/users/i77031/Work/AXI_full/uvm//axi_scoreboard.sv(144) @ 325000: uvm_test_top.axi_env_0.axi_scoreboard_0 [COMPARISON] DATA READ BACK SUCCESSFULLY ACT=0xfe1 EXP=0xfe1
# UVM_INFO /home/users/i77031/Work/AXI_full/uvm//axi_scoreboard.sv(138) @ 325000: uvm_test_top.axi_env_0.axi_scoreboard_0 [COMPARISON] Comparison addr = 0x28
# UVM_INFO /home/users/i77031/Work/AXI_full/uvm//axi_scoreboard.sv(144) @ 325000: uvm_test_top.axi_env_0.axi_scoreboard_0 [COMPARISON] DATA READ BACK SUCCESSFULLY ACT=0xda02 EXP=0xda02
# UVM_INFO /home/users/i77031/Work/AXI_full/uvm//axi_scoreboard.sv(138) @ 325000: uvm_test_top.axi_env_0.axi_scoreboard_0 [COMPARISON] Comparison addr = 0x2c
# UVM_INFO /home/users/i77031/Work/AXI_full/uvm//axi_scoreboard.sv(144) @ 325000: uvm_test_top.axi_env_0.axi_scoreboard_0 [COMPARISON] DATA READ BACK SUCCESSFULLY ACT=0xce03 EXP=0xce03
# UVM_INFO /home/users/i77031/Work/AXI_full/uvm//axi_scoreboard.sv(138) @ 325000: uvm_test_top.axi_env_0.axi_scoreboard_0 [COMPARISON] Comparison addr = 0x20
# UVM_INFO /home/users/i77031/Work/AXI_full/uvm//axi_scoreboard.sv(144) @ 325000: uvm_test_top.axi_env_0.axi_scoreboard_0 [COMPARISON] DATA READ BACK SUCCESSFULLY ACT=0x9b04 EXP=0x9b04
# UVM_INFO /home/users/i77031/Work/AXI_full/uvm//axi_monitor.sv(108) @ 335000: uvm_test_top.axi_env_0.axi_agent_0.axi_monitor_0 [READ_MON] Completed read_out = '{0, 0, 0, 0, 0, 0, 0, 0, 0, 0}
# UVM_INFO /home/users/i77031/Work/AXI_full/uvm//axi_monitor.sv(229) @ 335000: uvm_test_top.axi_env_0.axi_agent_0.axi_monitor_0 [READ_MON] AR Phase full = '{0, 0, 0, 0, 0, 0, 0, 0, 0, 0}
# UVM_INFO /home/users/i77031/Work/AXI_full/uvm//axi_monitor.sv(230) @ 335000: uvm_test_top.axi_env_0.axi_agent_0.axi_monitor_0 [READ_MON] R Phase full completed = '{0, 0, 0, 0, 0, 0, 0, 0, 0, 0}
# UVM_INFO /home/users/i77031/Work/AXI_full/uvm//axi_monitor.sv(105) @ 335000: uvm_test_top.axi_env_0.axi_agent_0.axi_monitor_0 [READ_MON] 
# mon_w_valid_o        | 0
# mon_w_beat_count     | 0
# mon_w_data_o         | 0
# mon_w_addr_o         | 0
# mon_r_last_o         | 0
# mon_r_valid_o        | 0
# mon_r_data_o         | 0
# mon_r_addr_o         | 0
# 
# AW.addr              | x
# AW.id                | x
# AW.len               | x
# AW.size              | x
# AW.burst             | x
# AW.lock              | x
# AW.cache             | x
# AW.prot              | x
# AW.valid             | x
# AW.ready             | 1
# 
# W.data               | x
# W.strb               | x
# W.last               | x
# W.valid              | x
# 
# AR.addr              | x
# AR.id                | x
# AR.len               | x
# AR.size              | x
# AR.burst             | x
# AR.lock              | x
# AR.cache             | x
# AR.prot              | x
# AR.valid             | x
# AR.ready             | 1
# 
# B.id                 | 0
# B.resp               | 0
# B.valid              | 0
# B.ready              | x
# 
# R.id                 | 0
# R.data               | 9b04
# R.resp               | 0
# R.last               | 1
# R.valid              | 0
# R.ready              | x
# 
# UVM_INFO /home/users/i77031/Work/AXI_full/uvm//axi_monitor.sv(61) @ 335000: uvm_test_top.axi_env_0.axi_agent_0.axi_monitor_0 [WRITE_MON] Completed write_in = '{0, 0, 0, 0, 0, 0, 0, 0, 0, 0}
# UVM_INFO /home/users/i77031/Work/AXI_full/uvm//axi_monitor.sv(58) @ 335000: uvm_test_top.axi_env_0.axi_agent_0.axi_monitor_0 [WRITE_MON] 
# mon_w_valid_o        | x
# mon_w_beat_count     | x
# mon_w_data_o         | x
# mon_w_addr_o         | x
# mon_r_last_o         | x
# mon_r_valid_o        | x
# mon_r_data_o         | x
# mon_r_addr_o         | x
# 
# AW.addr              | 24
# AW.id                | 0
# AW.len               | 3
# AW.size              | 2
# AW.burst             | 2
# AW.lock              | 0
# AW.cache             | 0
# AW.prot              | 0
# AW.valid             | 0
# AW.ready             | x
# 
# W.data               | 9b04
# W.strb               | f
# W.last               | 1
# W.valid              | 0
# 
# AR.addr              | 24
# AR.id                | 0
# AR.len               | 3
# AR.size              | 2
# AR.burst             | 2
# AR.lock              | 0
# AR.cache             | 0
# AR.prot              | 0
# AR.valid             | 0
# AR.ready             | x
# 
# B.id                 | x
# B.resp               | x
# B.valid              | x
# B.ready              | 0
# 
# R.id                 | x
# R.data               | x
# R.resp               | x
# R.last               | x
# R.valid              | x
# R.ready              | 1
# 
# UVM_INFO /home/users/i77031/Work/AXI_full/uvm//axi_monitor.sv(61) @ 345000: uvm_test_top.axi_env_0.axi_agent_0.axi_monitor_0 [WRITE_MON] Completed write_in = '{0, 0, 0, 0, 0, 0, 0, 0, 0, 0}
# UVM_INFO /home/users/i77031/Work/AXI_full/uvm//axi_monitor.sv(58) @ 345000: uvm_test_top.axi_env_0.axi_agent_0.axi_monitor_0 [WRITE_MON] 
# mon_w_valid_o        | x
# mon_w_beat_count     | x
# mon_w_data_o         | x
# mon_w_addr_o         | x
# mon_r_last_o         | x
# mon_r_valid_o        | x
# mon_r_data_o         | x
# mon_r_addr_o         | x
# 
# AW.addr              | 24
# AW.id                | 0
# AW.len               | 3
# AW.size              | 2
# AW.burst             | 2
# AW.lock              | 0
# AW.cache             | 0
# AW.prot              | 0
# AW.valid             | 0
# AW.ready             | x
# 
# W.data               | 9b04
# W.strb               | f
# W.last               | 1
# W.valid              | 0
# 
# AR.addr              | 24
# AR.id                | 0
# AR.len               | 3
# AR.size              | 2
# AR.burst             | 2
# AR.lock              | 0
# AR.cache             | 0
# AR.prot              | 0
# AR.valid             | 0
# AR.ready             | x
# 
# B.id                 | x
# B.resp               | x
# B.valid              | x
# B.ready              | 0
# 
# R.id                 | x
# R.data               | x
# R.resp               | x
# R.last               | x
# R.valid              | x
# R.ready              | 0
# 
# UVM_INFO /home/users/i77031/Work/AXI_full/uvm//axi_monitor.sv(108) @ 345000: uvm_test_top.axi_env_0.axi_agent_0.axi_monitor_0 [READ_MON] Completed read_out = '{0, 0, 0, 0, 0, 0, 0, 0, 0, 0}
# UVM_INFO /home/users/i77031/Work/AXI_full/uvm//axi_monitor.sv(229) @ 345000: uvm_test_top.axi_env_0.axi_agent_0.axi_monitor_0 [READ_MON] AR Phase full = '{0, 0, 0, 0, 0, 0, 0, 0, 0, 0}
# UVM_INFO /home/users/i77031/Work/AXI_full/uvm//axi_monitor.sv(230) @ 345000: uvm_test_top.axi_env_0.axi_agent_0.axi_monitor_0 [READ_MON] R Phase full completed = '{0, 0, 0, 0, 0, 0, 0, 0, 0, 0}
# UVM_INFO /home/users/i77031/Work/AXI_full/uvm//axi_monitor.sv(105) @ 345000: uvm_test_top.axi_env_0.axi_agent_0.axi_monitor_0 [READ_MON] 
# mon_w_valid_o        | 0
# mon_w_beat_count     | 0
# mon_w_data_o         | 0
# mon_w_addr_o         | 0
# mon_r_last_o         | 0
# mon_r_valid_o        | 0
# mon_r_data_o         | 0
# mon_r_addr_o         | 0
# 
# AW.addr              | x
# AW.id                | x
# AW.len               | x
# AW.size              | x
# AW.burst             | x
# AW.lock              | x
# AW.cache             | x
# AW.prot              | x
# AW.valid             | x
# AW.ready             | 1
# 
# W.data               | x
# W.strb               | x
# W.last               | x
# W.valid              | x
# 
# AR.addr              | x
# AR.id                | x
# AR.len               | x
# AR.size              | x
# AR.burst             | x
# AR.lock              | x
# AR.cache             | x
# AR.prot              | x
# AR.valid             | x
# AR.ready             | 1
# 
# B.id                 | 0
# B.resp               | 0
# B.valid              | 0
# B.ready              | x
# 
# R.id                 | 0
# R.data               | 9b04
# R.resp               | 0
# R.last               | 1
# R.valid              | 0
# R.ready              | x
# 
# UVM_INFO /home/users/i77031/Work/AXI_full/uvm//axi_transaction.sv(425) @ 345000: uvm_test_top.axi_env_0.axi_agent_0.axi_sequencer_0@@axi_id_wr_rd_seq [READ_SEQ] Generating Multi-ID Read sequence 2: 
# UVM_INFO /home/users/i77031/Work/AXI_full/uvm//axi_driver.sv(160) @ 355000: uvm_test_top.axi_env_0.axi_agent_0.axi_driver_0 [WRITE_DRIVER] Got AR Ready
# UVM_INFO /home/users/i77031/Work/AXI_full/uvm//axi_monitor.sv(108) @ 355000: uvm_test_top.axi_env_0.axi_agent_0.axi_monitor_0 [READ_MON] Completed read_out = '{0, 0, 0, 0, 0, 0, 0, 0, 0, 0}
# UVM_INFO /home/users/i77031/Work/AXI_full/uvm//axi_monitor.sv(207) @ 355000: uvm_test_top.axi_env_0.axi_agent_0.axi_monitor_0 [READ_MON] AR ID queue = '{1}
# UVM_INFO /home/users/i77031/Work/AXI_full/uvm//axi_monitor.sv(208) @ 355000: uvm_test_top.axi_env_0.axi_agent_0.axi_monitor_0 [READ_MON] completed_ar_phase[0] = 0
# UVM_INFO /home/users/i77031/Work/AXI_full/uvm//axi_monitor.sv(211) @ 355000: uvm_test_top.axi_env_0.axi_agent_0.axi_monitor_0 [READ_MON] AR Phase = '{0, 1, 0, 0, 0, 0, 0, 0, 0, 0}
# UVM_INFO /home/users/i77031/Work/AXI_full/uvm//axi_monitor.sv(212) @ 355000: uvm_test_top.axi_env_0.axi_agent_0.axi_monitor_0 [MON_ID] AR ID queue 1 = '{1}
# UVM_INFO /home/users/i77031/Work/AXI_full/uvm//axi_monitor.sv(213) @ 355000: uvm_test_top.axi_env_0.axi_agent_0.axi_monitor_0 [READ_MON] completed_ar_phase[0] = 0
# UVM_INFO /home/users/i77031/Work/AXI_full/uvm//axi_monitor.sv(229) @ 355000: uvm_test_top.axi_env_0.axi_agent_0.axi_monitor_0 [READ_MON] AR Phase full = '{0, 1, 0, 0, 0, 0, 0, 0, 0, 0}
# UVM_INFO /home/users/i77031/Work/AXI_full/uvm//axi_monitor.sv(230) @ 355000: uvm_test_top.axi_env_0.axi_agent_0.axi_monitor_0 [READ_MON] R Phase full completed = '{0, 0, 0, 0, 0, 0, 0, 0, 0, 0}
# UVM_INFO /home/users/i77031/Work/AXI_full/uvm//axi_monitor.sv(105) @ 355000: uvm_test_top.axi_env_0.axi_agent_0.axi_monitor_0 [READ_MON] 
# mon_w_valid_o        | 0
# mon_w_beat_count     | 0
# mon_w_data_o         | 0
# mon_w_addr_o         | 0
# mon_r_last_o         | 0
# mon_r_valid_o        | 0
# mon_r_data_o         | 0
# mon_r_addr_o         | 0
# 
# AW.addr              | x
# AW.id                | x
# AW.len               | x
# AW.size              | x
# AW.burst             | x
# AW.lock              | x
# AW.cache             | x
# AW.prot              | x
# AW.valid             | x
# AW.ready             | 1
# 
# W.data               | x
# W.strb               | x
# W.last               | x
# W.valid              | x
# 
# AR.addr              | x
# AR.id                | x
# AR.len               | x
# AR.size              | x
# AR.burst             | x
# AR.lock              | x
# AR.cache             | x
# AR.prot              | x
# AR.valid             | x
# AR.ready             | 1
# 
# B.id                 | 0
# B.resp               | 0
# B.valid              | 0
# B.ready              | x
# 
# R.id                 | 0
# R.data               | 9b04
# R.resp               | 0
# R.last               | 1
# R.valid              | 0
# R.ready              | x
# 
# UVM_INFO /home/users/i77031/Work/AXI_full/uvm//axi_monitor.sv(61) @ 355000: uvm_test_top.axi_env_0.axi_agent_0.axi_monitor_0 [WRITE_MON] Completed write_in = '{0, 0, 0, 0, 0, 0, 0, 0, 0, 0}
# UVM_INFO /home/users/i77031/Work/AXI_full/uvm//axi_monitor.sv(58) @ 355000: uvm_test_top.axi_env_0.axi_agent_0.axi_monitor_0 [WRITE_MON] 
# mon_w_valid_o        | x
# mon_w_beat_count     | x
# mon_w_data_o         | x
# mon_w_addr_o         | x
# mon_r_last_o         | x
# mon_r_valid_o        | x
# mon_r_data_o         | x
# mon_r_addr_o         | x
# 
# AW.addr              | 24
# AW.id                | 0
# AW.len               | 3
# AW.size              | 2
# AW.burst             | 2
# AW.lock              | 0
# AW.cache             | 0
# AW.prot              | 0
# AW.valid             | 0
# AW.ready             | x
# 
# W.data               | 9b04
# W.strb               | f
# W.last               | 1
# W.valid              | 0
# 
# AR.addr              | 0
# AR.id                | 1
# AR.len               | 3
# AR.size              | 2
# AR.burst             | 2
# AR.lock              | 0
# AR.cache             | 0
# AR.prot              | 0
# AR.valid             | 1
# AR.ready             | x
# 
# B.id                 | x
# B.resp               | x
# B.valid              | x
# B.ready              | 0
# 
# R.id                 | x
# R.data               | x
# R.resp               | x
# R.last               | x
# R.valid              | x
# R.ready              | 0
# 
# UVM_INFO /home/users/i77031/Work/AXI_full/uvm//axi_monitor.sv(61) @ 365000: uvm_test_top.axi_env_0.axi_agent_0.axi_monitor_0 [WRITE_MON] Completed write_in = '{0, 0, 0, 0, 0, 0, 0, 0, 0, 0}
# UVM_INFO /home/users/i77031/Work/AXI_full/uvm//axi_monitor.sv(58) @ 365000: uvm_test_top.axi_env_0.axi_agent_0.axi_monitor_0 [WRITE_MON] 
# mon_w_valid_o        | x
# mon_w_beat_count     | x
# mon_w_data_o         | x
# mon_w_addr_o         | x
# mon_r_last_o         | x
# mon_r_valid_o        | x
# mon_r_data_o         | x
# mon_r_addr_o         | x
# 
# AW.addr              | 24
# AW.id                | 0
# AW.len               | 3
# AW.size              | 2
# AW.burst             | 2
# AW.lock              | 0
# AW.cache             | 0
# AW.prot              | 0
# AW.valid             | 0
# AW.ready             | x
# 
# W.data               | 9b04
# W.strb               | f
# W.last               | 1
# W.valid              | 0
# 
# AR.addr              | 0
# AR.id                | 1
# AR.len               | 3
# AR.size              | 2
# AR.burst             | 2
# AR.lock              | 0
# AR.cache             | 0
# AR.prot              | 0
# AR.valid             | 0
# AR.ready             | x
# 
# B.id                 | x
# B.resp               | x
# B.valid              | x
# B.ready              | 0
# 
# R.id                 | x
# R.data               | x
# R.resp               | x
# R.last               | x
# R.valid              | x
# R.ready              | 1
# 
# UVM_INFO /home/users/i77031/Work/AXI_full/uvm//axi_monitor.sv(108) @ 365000: uvm_test_top.axi_env_0.axi_agent_0.axi_monitor_0 [READ_MON] Completed read_out = '{0, 0, 0, 0, 0, 0, 0, 0, 0, 0}
# UVM_INFO /home/users/i77031/Work/AXI_full/uvm//axi_monitor.sv(229) @ 365000: uvm_test_top.axi_env_0.axi_agent_0.axi_monitor_0 [READ_MON] AR Phase full = '{0, 1, 0, 0, 0, 0, 0, 0, 0, 0}
# UVM_INFO /home/users/i77031/Work/AXI_full/uvm//axi_monitor.sv(230) @ 365000: uvm_test_top.axi_env_0.axi_agent_0.axi_monitor_0 [READ_MON] R Phase full completed = '{0, 0, 0, 0, 0, 0, 0, 0, 0, 0}
# UVM_INFO /home/users/i77031/Work/AXI_full/uvm//axi_monitor.sv(105) @ 365000: uvm_test_top.axi_env_0.axi_agent_0.axi_monitor_0 [READ_MON] 
# mon_w_valid_o        | 0
# mon_w_beat_count     | 0
# mon_w_data_o         | 0
# mon_w_addr_o         | 0
# mon_r_last_o         | 0
# mon_r_valid_o        | 0
# mon_r_data_o         | 0
# mon_r_addr_o         | 0
# 
# AW.addr              | x
# AW.id                | x
# AW.len               | x
# AW.size              | x
# AW.burst             | x
# AW.lock              | x
# AW.cache             | x
# AW.prot              | x
# AW.valid             | x
# AW.ready             | 1
# 
# W.data               | x
# W.strb               | x
# W.last               | x
# W.valid              | x
# 
# AR.addr              | x
# AR.id                | x
# AR.len               | x
# AR.size              | x
# AR.burst             | x
# AR.lock              | x
# AR.cache             | x
# AR.prot              | x
# AR.valid             | x
# AR.ready             | 1
# 
# B.id                 | 0
# B.resp               | 0
# B.valid              | 0
# B.ready              | x
# 
# R.id                 | 0
# R.data               | 9b04
# R.resp               | 0
# R.last               | 1
# R.valid              | 0
# R.ready              | x
# 
# UVM_INFO /home/users/i77031/Work/AXI_full/uvm//axi_driver.sv(180) @ 375000: uvm_test_top.axi_env_0.axi_agent_0.axi_driver_0 [READ_DRIVER] Got R Valid
# UVM_INFO /home/users/i77031/Work/AXI_full/uvm//axi_driver.sv(181) @ 375000: uvm_test_top.axi_env_0.axi_agent_0.axi_driver_0 [READ_DRIVER] Read data = 00000ce2
# UVM_INFO /home/users/i77031/Work/AXI_full/uvm//axi_monitor.sv(108) @ 375000: uvm_test_top.axi_env_0.axi_agent_0.axi_monitor_0 [READ_MON] Completed read_out = '{0, 0, 0, 0, 0, 0, 0, 0, 0, 0}
# UVM_INFO /home/users/i77031/Work/AXI_full/uvm//axi_monitor.sv(218) @ 375000: uvm_test_top.axi_env_0.axi_agent_0.axi_monitor_0 [READ_MON] Burst data = '{3298, 55810, 52739, 39684, 0, 0, 0, 0, 0, 0}
# UVM_INFO /home/users/i77031/Work/AXI_full/uvm//axi_monitor.sv(222) @ 375000: uvm_test_top.axi_env_0.axi_agent_0.axi_monitor_0 [READ_MON] R Phase beat number =  1
# UVM_INFO /home/users/i77031/Work/AXI_full/uvm//axi_monitor.sv(229) @ 375000: uvm_test_top.axi_env_0.axi_agent_0.axi_monitor_0 [READ_MON] AR Phase full = '{0, 1, 0, 0, 0, 0, 0, 0, 0, 0}
# UVM_INFO /home/users/i77031/Work/AXI_full/uvm//axi_monitor.sv(230) @ 375000: uvm_test_top.axi_env_0.axi_agent_0.axi_monitor_0 [READ_MON] R Phase full completed = '{0, 0, 0, 0, 0, 0, 0, 0, 0, 0}
# UVM_INFO /home/users/i77031/Work/AXI_full/uvm//axi_monitor.sv(105) @ 375000: uvm_test_top.axi_env_0.axi_agent_0.axi_monitor_0 [READ_MON] 
# mon_w_valid_o        | 0
# mon_w_beat_count     | 0
# mon_w_data_o         | 0
# mon_w_addr_o         | 0
# mon_r_last_o         | 0
# mon_r_valid_o        | 0
# mon_r_data_o         | 0
# mon_r_addr_o         | 0
# 
# AW.addr              | x
# AW.id                | x
# AW.len               | x
# AW.size              | x
# AW.burst             | x
# AW.lock              | x
# AW.cache             | x
# AW.prot              | x
# AW.valid             | x
# AW.ready             | 1
# 
# W.data               | x
# W.strb               | x
# W.last               | x
# W.valid              | x
# 
# AR.addr              | x
# AR.id                | x
# AR.len               | x
# AR.size              | x
# AR.burst             | x
# AR.lock              | x
# AR.cache             | x
# AR.prot              | x
# AR.valid             | x
# AR.ready             | 1
# 
# B.id                 | 0
# B.resp               | 0
# B.valid              | 0
# B.ready              | x
# 
# R.id                 | 1
# R.data               | ce2
# R.resp               | 0
# R.last               | 0
# R.valid              | 1
# R.ready              | x
# 
# UVM_INFO /home/users/i77031/Work/AXI_full/uvm//axi_monitor.sv(61) @ 375000: uvm_test_top.axi_env_0.axi_agent_0.axi_monitor_0 [WRITE_MON] Completed write_in = '{0, 0, 0, 0, 0, 0, 0, 0, 0, 0}
# UVM_INFO /home/users/i77031/Work/AXI_full/uvm//axi_monitor.sv(58) @ 375000: uvm_test_top.axi_env_0.axi_agent_0.axi_monitor_0 [WRITE_MON] 
# mon_w_valid_o        | x
# mon_w_beat_count     | x
# mon_w_data_o         | x
# mon_w_addr_o         | x
# mon_r_last_o         | x
# mon_r_valid_o        | x
# mon_r_data_o         | x
# mon_r_addr_o         | x
# 
# AW.addr              | 24
# AW.id                | 0
# AW.len               | 3
# AW.size              | 2
# AW.burst             | 2
# AW.lock              | 0
# AW.cache             | 0
# AW.prot              | 0
# AW.valid             | 0
# AW.ready             | x
# 
# W.data               | 9b04
# W.strb               | f
# W.last               | 1
# W.valid              | 0
# 
# AR.addr              | 0
# AR.id                | 1
# AR.len               | 3
# AR.size              | 2
# AR.burst             | 2
# AR.lock              | 0
# AR.cache             | 0
# AR.prot              | 0
# AR.valid             | 0
# AR.ready             | x
# 
# B.id                 | x
# B.resp               | x
# B.valid              | x
# B.ready              | 0
# 
# R.id                 | x
# R.data               | x
# R.resp               | x
# R.last               | x
# R.valid              | x
# R.ready              | 1
# 
# UVM_INFO /home/users/i77031/Work/AXI_full/uvm//axi_monitor.sv(61) @ 385000: uvm_test_top.axi_env_0.axi_agent_0.axi_monitor_0 [WRITE_MON] Completed write_in = '{0, 0, 0, 0, 0, 0, 0, 0, 0, 0}
# UVM_INFO /home/users/i77031/Work/AXI_full/uvm//axi_monitor.sv(58) @ 385000: uvm_test_top.axi_env_0.axi_agent_0.axi_monitor_0 [WRITE_MON] 
# mon_w_valid_o        | x
# mon_w_beat_count     | x
# mon_w_data_o         | x
# mon_w_addr_o         | x
# mon_r_last_o         | x
# mon_r_valid_o        | x
# mon_r_data_o         | x
# mon_r_addr_o         | x
# 
# AW.addr              | 24
# AW.id                | 0
# AW.len               | 3
# AW.size              | 2
# AW.burst             | 2
# AW.lock              | 0
# AW.cache             | 0
# AW.prot              | 0
# AW.valid             | 0
# AW.ready             | x
# 
# W.data               | 9b04
# W.strb               | f
# W.last               | 1
# W.valid              | 0
# 
# AR.addr              | 0
# AR.id                | 1
# AR.len               | 3
# AR.size              | 2
# AR.burst             | 2
# AR.lock              | 0
# AR.cache             | 0
# AR.prot              | 0
# AR.valid             | 0
# AR.ready             | x
# 
# B.id                 | x
# B.resp               | x
# B.valid              | x
# B.ready              | 0
# 
# R.id                 | x
# R.data               | x
# R.resp               | x
# R.last               | x
# R.valid              | x
# R.ready              | 1
# 
# UVM_INFO /home/users/i77031/Work/AXI_full/uvm//axi_monitor.sv(108) @ 385000: uvm_test_top.axi_env_0.axi_agent_0.axi_monitor_0 [READ_MON] Completed read_out = '{0, 0, 0, 0, 0, 0, 0, 0, 0, 0}
# UVM_INFO /home/users/i77031/Work/AXI_full/uvm//axi_monitor.sv(218) @ 385000: uvm_test_top.axi_env_0.axi_agent_0.axi_monitor_0 [READ_MON] Burst data = '{3298, 36805, 52739, 39684, 0, 0, 0, 0, 0, 0}
# UVM_INFO /home/users/i77031/Work/AXI_full/uvm//axi_monitor.sv(222) @ 385000: uvm_test_top.axi_env_0.axi_agent_0.axi_monitor_0 [READ_MON] R Phase beat number =  2
# UVM_INFO /home/users/i77031/Work/AXI_full/uvm//axi_monitor.sv(229) @ 385000: uvm_test_top.axi_env_0.axi_agent_0.axi_monitor_0 [READ_MON] AR Phase full = '{0, 1, 0, 0, 0, 0, 0, 0, 0, 0}
# UVM_INFO /home/users/i77031/Work/AXI_full/uvm//axi_monitor.sv(230) @ 385000: uvm_test_top.axi_env_0.axi_agent_0.axi_monitor_0 [READ_MON] R Phase full completed = '{0, 0, 0, 0, 0, 0, 0, 0, 0, 0}
# UVM_INFO /home/users/i77031/Work/AXI_full/uvm//axi_monitor.sv(105) @ 385000: uvm_test_top.axi_env_0.axi_agent_0.axi_monitor_0 [READ_MON] 
# mon_w_valid_o        | 0
# mon_w_beat_count     | 0
# mon_w_data_o         | 0
# mon_w_addr_o         | 0
# mon_r_last_o         | 0
# mon_r_valid_o        | 1
# mon_r_data_o         | ce2
# mon_r_addr_o         | 0
# 
# AW.addr              | x
# AW.id                | x
# AW.len               | x
# AW.size              | x
# AW.burst             | x
# AW.lock              | x
# AW.cache             | x
# AW.prot              | x
# AW.valid             | x
# AW.ready             | 1
# 
# W.data               | x
# W.strb               | x
# W.last               | x
# W.valid              | x
# 
# AR.addr              | x
# AR.id                | x
# AR.len               | x
# AR.size              | x
# AR.burst             | x
# AR.lock              | x
# AR.cache             | x
# AR.prot              | x
# AR.valid             | x
# AR.ready             | 1
# 
# B.id                 | 0
# B.resp               | 0
# B.valid              | 0
# B.ready              | x
# 
# R.id                 | 1
# R.data               | 8fc5
# R.resp               | 0
# R.last               | 0
# R.valid              | 1
# R.ready              | x
# 
# UVM_INFO /home/users/i77031/Work/AXI_full/uvm//axi_driver.sv(180) @ 385000: uvm_test_top.axi_env_0.axi_agent_0.axi_driver_0 [READ_DRIVER] Got R Valid
# UVM_INFO /home/users/i77031/Work/AXI_full/uvm//axi_driver.sv(181) @ 385000: uvm_test_top.axi_env_0.axi_agent_0.axi_driver_0 [READ_DRIVER] Read data = 00008fc5
# UVM_INFO /home/users/i77031/Work/AXI_full/uvm//axi_driver.sv(180) @ 395000: uvm_test_top.axi_env_0.axi_agent_0.axi_driver_0 [READ_DRIVER] Got R Valid
# UVM_INFO /home/users/i77031/Work/AXI_full/uvm//axi_driver.sv(181) @ 395000: uvm_test_top.axi_env_0.axi_agent_0.axi_driver_0 [READ_DRIVER] Read data = 0000abcd
# UVM_INFO /home/users/i77031/Work/AXI_full/uvm//axi_monitor.sv(108) @ 395000: uvm_test_top.axi_env_0.axi_agent_0.axi_monitor_0 [READ_MON] Completed read_out = '{0, 0, 0, 0, 0, 0, 0, 0, 0, 0}
# UVM_INFO /home/users/i77031/Work/AXI_full/uvm//axi_monitor.sv(218) @ 395000: uvm_test_top.axi_env_0.axi_agent_0.axi_monitor_0 [READ_MON] Burst data = '{3298, 36805, 43981, 39684, 0, 0, 0, 0, 0, 0}
# UVM_INFO /home/users/i77031/Work/AXI_full/uvm//axi_monitor.sv(222) @ 395000: uvm_test_top.axi_env_0.axi_agent_0.axi_monitor_0 [READ_MON] R Phase beat number =  3
# UVM_INFO /home/users/i77031/Work/AXI_full/uvm//axi_monitor.sv(229) @ 395000: uvm_test_top.axi_env_0.axi_agent_0.axi_monitor_0 [READ_MON] AR Phase full = '{0, 1, 0, 0, 0, 0, 0, 0, 0, 0}
# UVM_INFO /home/users/i77031/Work/AXI_full/uvm//axi_monitor.sv(230) @ 395000: uvm_test_top.axi_env_0.axi_agent_0.axi_monitor_0 [READ_MON] R Phase full completed = '{0, 0, 0, 0, 0, 0, 0, 0, 0, 0}
# UVM_INFO /home/users/i77031/Work/AXI_full/uvm//axi_monitor.sv(105) @ 395000: uvm_test_top.axi_env_0.axi_agent_0.axi_monitor_0 [READ_MON] 
# mon_w_valid_o        | 0
# mon_w_beat_count     | 0
# mon_w_data_o         | 0
# mon_w_addr_o         | 0
# mon_r_last_o         | 0
# mon_r_valid_o        | 1
# mon_r_data_o         | 8fc5
# mon_r_addr_o         | 4
# 
# AW.addr              | x
# AW.id                | x
# AW.len               | x
# AW.size              | x
# AW.burst             | x
# AW.lock              | x
# AW.cache             | x
# AW.prot              | x
# AW.valid             | x
# AW.ready             | 1
# 
# W.data               | x
# W.strb               | x
# W.last               | x
# W.valid              | x
# 
# AR.addr              | x
# AR.id                | x
# AR.len               | x
# AR.size              | x
# AR.burst             | x
# AR.lock              | x
# AR.cache             | x
# AR.prot              | x
# AR.valid             | x
# AR.ready             | 1
# 
# B.id                 | 0
# B.resp               | 0
# B.valid              | 0
# B.ready              | x
# 
# R.id                 | 1
# R.data               | abcd
# R.resp               | 0
# R.last               | 0
# R.valid              | 1
# R.ready              | x
# 
# UVM_INFO /home/users/i77031/Work/AXI_full/uvm//axi_monitor.sv(61) @ 395000: uvm_test_top.axi_env_0.axi_agent_0.axi_monitor_0 [WRITE_MON] Completed write_in = '{0, 0, 0, 0, 0, 0, 0, 0, 0, 0}
# UVM_INFO /home/users/i77031/Work/AXI_full/uvm//axi_monitor.sv(58) @ 395000: uvm_test_top.axi_env_0.axi_agent_0.axi_monitor_0 [WRITE_MON] 
# mon_w_valid_o        | x
# mon_w_beat_count     | x
# mon_w_data_o         | x
# mon_w_addr_o         | x
# mon_r_last_o         | x
# mon_r_valid_o        | x
# mon_r_data_o         | x
# mon_r_addr_o         | x
# 
# AW.addr              | 24
# AW.id                | 0
# AW.len               | 3
# AW.size              | 2
# AW.burst             | 2
# AW.lock              | 0
# AW.cache             | 0
# AW.prot              | 0
# AW.valid             | 0
# AW.ready             | x
# 
# W.data               | 9b04
# W.strb               | f
# W.last               | 1
# W.valid              | 0
# 
# AR.addr              | 0
# AR.id                | 1
# AR.len               | 3
# AR.size              | 2
# AR.burst             | 2
# AR.lock              | 0
# AR.cache             | 0
# AR.prot              | 0
# AR.valid             | 0
# AR.ready             | x
# 
# B.id                 | x
# B.resp               | x
# B.valid              | x
# B.ready              | 0
# 
# R.id                 | x
# R.data               | x
# R.resp               | x
# R.last               | x
# R.valid              | x
# R.ready              | 1
# 
# UVM_INFO /home/users/i77031/Work/AXI_full/uvm//axi_monitor.sv(61) @ 405000: uvm_test_top.axi_env_0.axi_agent_0.axi_monitor_0 [WRITE_MON] Completed write_in = '{0, 0, 0, 0, 0, 0, 0, 0, 0, 0}
# UVM_INFO /home/users/i77031/Work/AXI_full/uvm//axi_monitor.sv(58) @ 405000: uvm_test_top.axi_env_0.axi_agent_0.axi_monitor_0 [WRITE_MON] 
# mon_w_valid_o        | x
# mon_w_beat_count     | x
# mon_w_data_o         | x
# mon_w_addr_o         | x
# mon_r_last_o         | x
# mon_r_valid_o        | x
# mon_r_data_o         | x
# mon_r_addr_o         | x
# 
# AW.addr              | 24
# AW.id                | 0
# AW.len               | 3
# AW.size              | 2
# AW.burst             | 2
# AW.lock              | 0
# AW.cache             | 0
# AW.prot              | 0
# AW.valid             | 0
# AW.ready             | x
# 
# W.data               | 9b04
# W.strb               | f
# W.last               | 1
# W.valid              | 0
# 
# AR.addr              | 0
# AR.id                | 1
# AR.len               | 3
# AR.size              | 2
# AR.burst             | 2
# AR.lock              | 0
# AR.cache             | 0
# AR.prot              | 0
# AR.valid             | 0
# AR.ready             | x
# 
# B.id                 | x
# B.resp               | x
# B.valid              | x
# B.ready              | 0
# 
# R.id                 | x
# R.data               | x
# R.resp               | x
# R.last               | x
# R.valid              | x
# R.ready              | 1
# 
# UVM_INFO /home/users/i77031/Work/AXI_full/uvm//axi_monitor.sv(108) @ 405000: uvm_test_top.axi_env_0.axi_agent_0.axi_monitor_0 [READ_MON] Completed read_out = '{0, 0, 0, 0, 0, 0, 0, 0, 0, 0}
# UVM_INFO /home/users/i77031/Work/AXI_full/uvm//axi_monitor.sv(218) @ 405000: uvm_test_top.axi_env_0.axi_agent_0.axi_monitor_0 [READ_MON] Burst data = '{3298, 36805, 43981, 25762, 0, 0, 0, 0, 0, 0}
# UVM_INFO /home/users/i77031/Work/AXI_full/uvm//axi_monitor.sv(222) @ 405000: uvm_test_top.axi_env_0.axi_agent_0.axi_monitor_0 [READ_MON] R Phase beat number =  4
# UVM_INFO /home/users/i77031/Work/AXI_full/uvm//axi_monitor.sv(225) @ 405000: uvm_test_top.axi_env_0.axi_agent_0.axi_monitor_0 [READ_MON] R Phase completed = 1
# UVM_INFO /home/users/i77031/Work/AXI_full/uvm//axi_monitor.sv(229) @ 405000: uvm_test_top.axi_env_0.axi_agent_0.axi_monitor_0 [READ_MON] AR Phase full = '{0, 1, 0, 0, 0, 0, 0, 0, 0, 0}
# UVM_INFO /home/users/i77031/Work/AXI_full/uvm//axi_monitor.sv(230) @ 405000: uvm_test_top.axi_env_0.axi_agent_0.axi_monitor_0 [READ_MON] R Phase full completed = '{0, 1, 0, 0, 0, 0, 0, 0, 0, 0}
# UVM_INFO /home/users/i77031/Work/AXI_full/uvm//axi_monitor.sv(105) @ 405000: uvm_test_top.axi_env_0.axi_agent_0.axi_monitor_0 [READ_MON] 
# mon_w_valid_o        | 0
# mon_w_beat_count     | 0
# mon_w_data_o         | 0
# mon_w_addr_o         | 0
# mon_r_last_o         | 0
# mon_r_valid_o        | 1
# mon_r_data_o         | abcd
# mon_r_addr_o         | 8
# 
# AW.addr              | x
# AW.id                | x
# AW.len               | x
# AW.size              | x
# AW.burst             | x
# AW.lock              | x
# AW.cache             | x
# AW.prot              | x
# AW.valid             | x
# AW.ready             | 1
# 
# W.data               | x
# W.strb               | x
# W.last               | x
# W.valid              | x
# 
# AR.addr              | x
# AR.id                | x
# AR.len               | x
# AR.size              | x
# AR.burst             | x
# AR.lock              | x
# AR.cache             | x
# AR.prot              | x
# AR.valid             | x
# AR.ready             | 1
# 
# B.id                 | 0
# B.resp               | 0
# B.valid              | 0
# B.ready              | x
# 
# R.id                 | 1
# R.data               | 64a2
# R.resp               | 0
# R.last               | 1
# R.valid              | 1
# R.ready              | x
# 
# UVM_INFO /home/users/i77031/Work/AXI_full/uvm//axi_driver.sv(180) @ 405000: uvm_test_top.axi_env_0.axi_agent_0.axi_driver_0 [READ_DRIVER] Got R Valid
# UVM_INFO /home/users/i77031/Work/AXI_full/uvm//axi_driver.sv(181) @ 405000: uvm_test_top.axi_env_0.axi_agent_0.axi_driver_0 [READ_DRIVER] Read data = 000064a2
# UVM_INFO /home/users/i77031/Work/AXI_full/uvm//axi_monitor.sv(108) @ 415000: uvm_test_top.axi_env_0.axi_agent_0.axi_monitor_0 [READ_MON] Completed read_out = '{0, 1, 0, 0, 0, 0, 0, 0, 0, 0}
# UVM_INFO /home/users/i77031/Work/AXI_full/uvm//axi_monitor.sv(126) @ 415000: uvm_test_top.axi_env_0.axi_agent_0.axi_monitor_0 [READ_MON] Read Burst data to scoreboard = '{3298, 36805, 43981, 25762, x, x, x, x, x, x}
# UVM_INFO /home/users/i77031/Work/AXI_full/uvm//axi_monitor.sv(229) @ 415000: uvm_test_top.axi_env_0.axi_agent_0.axi_monitor_0 [READ_MON] AR Phase full = '{0, 0, 0, 0, 0, 0, 0, 0, 0, 0}
# UVM_INFO /home/users/i77031/Work/AXI_full/uvm//axi_monitor.sv(230) @ 415000: uvm_test_top.axi_env_0.axi_agent_0.axi_monitor_0 [READ_MON] R Phase full completed = '{0, 0, 0, 0, 0, 0, 0, 0, 0, 0}
# UVM_INFO /home/users/i77031/Work/AXI_full/uvm//axi_monitor.sv(105) @ 415000: uvm_test_top.axi_env_0.axi_agent_0.axi_monitor_0 [READ_MON] 
# mon_w_valid_o        | 0
# mon_w_beat_count     | 0
# mon_w_data_o         | 0
# mon_w_addr_o         | 0
# mon_r_last_o         | 1
# mon_r_valid_o        | 1
# mon_r_data_o         | 64a2
# mon_r_addr_o         | c
# 
# AW.addr              | x
# AW.id                | x
# AW.len               | x
# AW.size              | x
# AW.burst             | x
# AW.lock              | x
# AW.cache             | x
# AW.prot              | x
# AW.valid             | x
# AW.ready             | 1
# 
# W.data               | x
# W.strb               | x
# W.last               | x
# W.valid              | x
# 
# AR.addr              | x
# AR.id                | x
# AR.len               | x
# AR.size              | x
# AR.burst             | x
# AR.lock              | x
# AR.cache             | x
# AR.prot              | x
# AR.valid             | x
# AR.ready             | 1
# 
# B.id                 | 0
# B.resp               | 0
# B.valid              | 0
# B.ready              | x
# 
# R.id                 | 1
# R.data               | 64a2
# R.resp               | 0
# R.last               | 1
# R.valid              | 0
# R.ready              | x
# 
# UVM_INFO /home/users/i77031/Work/AXI_full/uvm//axi_monitor.sv(61) @ 415000: uvm_test_top.axi_env_0.axi_agent_0.axi_monitor_0 [WRITE_MON] Completed write_in = '{0, 0, 0, 0, 0, 0, 0, 0, 0, 0}
# UVM_INFO /home/users/i77031/Work/AXI_full/uvm//axi_monitor.sv(58) @ 415000: uvm_test_top.axi_env_0.axi_agent_0.axi_monitor_0 [WRITE_MON] 
# mon_w_valid_o        | x
# mon_w_beat_count     | x
# mon_w_data_o         | x
# mon_w_addr_o         | x
# mon_r_last_o         | x
# mon_r_valid_o        | x
# mon_r_data_o         | x
# mon_r_addr_o         | x
# 
# AW.addr              | 24
# AW.id                | 0
# AW.len               | 3
# AW.size              | 2
# AW.burst             | 2
# AW.lock              | 0
# AW.cache             | 0
# AW.prot              | 0
# AW.valid             | 0
# AW.ready             | x
# 
# W.data               | 9b04
# W.strb               | f
# W.last               | 1
# W.valid              | 0
# 
# AR.addr              | 0
# AR.id                | 1
# AR.len               | 3
# AR.size              | 2
# AR.burst             | 2
# AR.lock              | 0
# AR.cache             | 0
# AR.prot              | 0
# AR.valid             | 0
# AR.ready             | x
# 
# B.id                 | x
# B.resp               | x
# B.valid              | x
# B.ready              | 0
# 
# R.id                 | x
# R.data               | x
# R.resp               | x
# R.last               | x
# R.valid              | x
# R.ready              | 1
# 
# UVM_INFO /home/users/i77031/Work/AXI_full/uvm//axi_scoreboard.sv(109) @ 415000: uvm_test_top.axi_env_0.axi_scoreboard_0 [SCOREBOARD_TX_OUT] 
# mon_w_valid_o        | 0
# mon_w_beat_count     | 0
# mon_w_data_o         | 0
# mon_w_addr_o         | 0
# mon_r_last_o         | 0
# mon_r_valid_o        | 1
# mon_r_data_o         | abcd
# mon_r_addr_o         | 8
# 
# AW.addr              | x
# AW.id                | x
# AW.len               | x
# AW.size              | x
# AW.burst             | x
# AW.lock              | x
# AW.cache             | x
# AW.prot              | x
# AW.valid             | x
# AW.ready             | 1
# 
# W.data               | x
# W.strb               | x
# W.last               | x
# W.valid              | x
# 
# AR.addr              | 0
# AR.id                | 1
# AR.len               | 3
# AR.size              | 2
# AR.burst             | 2
# AR.lock              | x
# AR.cache             | x
# AR.prot              | x
# AR.valid             | x
# AR.ready             | 1
# 
# B.id                 | 0
# B.resp               | 0
# B.valid              | 0
# B.ready              | x
# 
# R.id                 | 1
# R.data               | 64a2
# R.resp               | 0
# R.last               | 1
# R.valid              | 1
# R.ready              | x
# 
# UVM_INFO /home/users/i77031/Work/AXI_full/uvm//axi_scoreboard.sv(217) @ 415000: uvm_test_top.axi_env_0.axi_scoreboard_0 [SCOREBOARD_AR] 
# mon_w_valid_o        | 0
# mon_w_beat_count     | 0
# mon_w_data_o         | 0
# mon_w_addr_o         | 0
# mon_r_last_o         | 0
# mon_r_valid_o        | 1
# mon_r_data_o         | abcd
# mon_r_addr_o         | 8
# 
# AW.addr              | x
# AW.id                | x
# AW.len               | x
# AW.size              | x
# AW.burst             | x
# AW.lock              | x
# AW.cache             | x
# AW.prot              | x
# AW.valid             | x
# AW.ready             | 1
# 
# W.data               | x
# W.strb               | x
# W.last               | x
# W.valid              | x
# 
# AR.addr              | 0
# AR.id                | 1
# AR.len               | 3
# AR.size              | 2
# AR.burst             | 2
# AR.lock              | x
# AR.cache             | x
# AR.prot              | x
# AR.valid             | x
# AR.ready             | 1
# 
# B.id                 | 0
# B.resp               | 0
# B.valid              | 0
# B.ready              | x
# 
# R.id                 | 1
# R.data               | 64a2
# R.resp               | 0
# R.last               | 1
# R.valid              | 1
# R.ready              | x
# 
# UVM_INFO /home/users/i77031/Work/AXI_full/uvm//axi_scoreboard.sv(222) @ 415000: uvm_test_top.axi_env_0.axi_scoreboard_0 [SCOREBOARD_AR] Read Burst type = 10
# UVM_INFO /home/users/i77031/Work/AXI_full/uvm//axi_scoreboard.sv(239) @ 415000: uvm_test_top.axi_env_0.axi_scoreboard_0 [SCOREBOARD_AR] Calculating Read wrapping burst addr
# UVM_INFO /home/users/i77031/Work/AXI_full/uvm//axi_scoreboard.sv(241) @ 415000: uvm_test_top.axi_env_0.axi_scoreboard_0 [SCOREBOARD_AR] burst addr = 0x4
# UVM_INFO /home/users/i77031/Work/AXI_full/uvm//axi_scoreboard.sv(243) @ 415000: uvm_test_top.axi_env_0.axi_scoreboard_0 [SCOREBOARD_AR] Wrap boundary = 0x10
# UVM_INFO /home/users/i77031/Work/AXI_full/uvm//axi_scoreboard.sv(244) @ 415000: uvm_test_top.axi_env_0.axi_scoreboard_0 [SCOREBOARD_AR] Wrapping burst addr = 0x4
# UVM_INFO /home/users/i77031/Work/AXI_full/uvm//axi_scoreboard.sv(269) @ 415000: uvm_test_top.axi_env_0.axi_scoreboard_0 [SCOREBOARD_R] Burst Reading
# UVM_INFO /home/users/i77031/Work/AXI_full/uvm//axi_scoreboard.sv(270) @ 415000: uvm_test_top.axi_env_0.axi_scoreboard_0 [SCOREBOARD_R] Burst data = '{3298, 36805, 43981, 25762, x, x, x, x, x, x}
# UVM_INFO /home/users/i77031/Work/AXI_full/uvm//axi_scoreboard.sv(271) @ 415000: uvm_test_top.axi_env_0.axi_scoreboard_0 [SCOREBOARD_R] Single data = 3298
# UVM_INFO /home/users/i77031/Work/AXI_full/uvm//axi_scoreboard.sv(272) @ 415000: uvm_test_top.axi_env_0.axi_scoreboard_0 [SCOREBOARD_R] Wrap boundary = 0x10
# UVM_INFO /home/users/i77031/Work/AXI_full/uvm//axi_scoreboard.sv(274) @ 415000: uvm_test_top.axi_env_0.axi_scoreboard_0 [SCOREBOARD_R] Reading burst Addr = 0x0
# UVM_INFO /home/users/i77031/Work/AXI_full/uvm//axi_scoreboard.sv(276) @ 415000: uvm_test_top.axi_env_0.axi_scoreboard_0 [SCOREBOARD_R] Item Queue = '{0:3298, 32:39684, 36:4065, 40:55810, 44:52739 }
# UVM_INFO /home/users/i77031/Work/AXI_full/uvm//axi_scoreboard.sv(277) @ 415000: uvm_test_top.axi_env_0.axi_scoreboard_0 [SCOREBOARD_R] Item Queue = 00000ce2
# UVM_INFO /home/users/i77031/Work/AXI_full/uvm//axi_scoreboard.sv(269) @ 415000: uvm_test_top.axi_env_0.axi_scoreboard_0 [SCOREBOARD_R] Burst Reading
# UVM_INFO /home/users/i77031/Work/AXI_full/uvm//axi_scoreboard.sv(270) @ 415000: uvm_test_top.axi_env_0.axi_scoreboard_0 [SCOREBOARD_R] Burst data = '{3298, 36805, 43981, 25762, x, x, x, x, x, x}
# UVM_INFO /home/users/i77031/Work/AXI_full/uvm//axi_scoreboard.sv(271) @ 415000: uvm_test_top.axi_env_0.axi_scoreboard_0 [SCOREBOARD_R] Single data = 36805
# UVM_INFO /home/users/i77031/Work/AXI_full/uvm//axi_scoreboard.sv(272) @ 415000: uvm_test_top.axi_env_0.axi_scoreboard_0 [SCOREBOARD_R] Wrap boundary = 0x10
# UVM_INFO /home/users/i77031/Work/AXI_full/uvm//axi_scoreboard.sv(274) @ 415000: uvm_test_top.axi_env_0.axi_scoreboard_0 [SCOREBOARD_R] Reading burst Addr = 0x4
# UVM_INFO /home/users/i77031/Work/AXI_full/uvm//axi_scoreboard.sv(276) @ 415000: uvm_test_top.axi_env_0.axi_scoreboard_0 [SCOREBOARD_R] Item Queue = '{0:3298, 4:36805, 32:39684, 36:4065, 40:55810, 44:52739 }
# UVM_INFO /home/users/i77031/Work/AXI_full/uvm//axi_scoreboard.sv(277) @ 415000: uvm_test_top.axi_env_0.axi_scoreboard_0 [SCOREBOARD_R] Item Queue = 00008fc5
# UVM_INFO /home/users/i77031/Work/AXI_full/uvm//axi_scoreboard.sv(269) @ 415000: uvm_test_top.axi_env_0.axi_scoreboard_0 [SCOREBOARD_R] Burst Reading
# UVM_INFO /home/users/i77031/Work/AXI_full/uvm//axi_scoreboard.sv(270) @ 415000: uvm_test_top.axi_env_0.axi_scoreboard_0 [SCOREBOARD_R] Burst data = '{3298, 36805, 43981, 25762, x, x, x, x, x, x}
# UVM_INFO /home/users/i77031/Work/AXI_full/uvm//axi_scoreboard.sv(271) @ 415000: uvm_test_top.axi_env_0.axi_scoreboard_0 [SCOREBOARD_R] Single data = 43981
# UVM_INFO /home/users/i77031/Work/AXI_full/uvm//axi_scoreboard.sv(272) @ 415000: uvm_test_top.axi_env_0.axi_scoreboard_0 [SCOREBOARD_R] Wrap boundary = 0x10
# UVM_INFO /home/users/i77031/Work/AXI_full/uvm//axi_scoreboard.sv(274) @ 415000: uvm_test_top.axi_env_0.axi_scoreboard_0 [SCOREBOARD_R] Reading burst Addr = 0x8
# UVM_INFO /home/users/i77031/Work/AXI_full/uvm//axi_scoreboard.sv(276) @ 415000: uvm_test_top.axi_env_0.axi_scoreboard_0 [SCOREBOARD_R] Item Queue = '{0:3298, 4:36805, 8:43981, 32:39684, 36:4065, 40:55810, 44:52739 }
# UVM_INFO /home/users/i77031/Work/AXI_full/uvm//axi_scoreboard.sv(277) @ 415000: uvm_test_top.axi_env_0.axi_scoreboard_0 [SCOREBOARD_R] Item Queue = 0000abcd
# UVM_INFO /home/users/i77031/Work/AXI_full/uvm//axi_scoreboard.sv(269) @ 415000: uvm_test_top.axi_env_0.axi_scoreboard_0 [SCOREBOARD_R] Burst Reading
# UVM_INFO /home/users/i77031/Work/AXI_full/uvm//axi_scoreboard.sv(270) @ 415000: uvm_test_top.axi_env_0.axi_scoreboard_0 [SCOREBOARD_R] Burst data = '{3298, 36805, 43981, 25762, x, x, x, x, x, x}
# UVM_INFO /home/users/i77031/Work/AXI_full/uvm//axi_scoreboard.sv(271) @ 415000: uvm_test_top.axi_env_0.axi_scoreboard_0 [SCOREBOARD_R] Single data = 25762
# UVM_INFO /home/users/i77031/Work/AXI_full/uvm//axi_scoreboard.sv(272) @ 415000: uvm_test_top.axi_env_0.axi_scoreboard_0 [SCOREBOARD_R] Wrap boundary = 0x10
# UVM_INFO /home/users/i77031/Work/AXI_full/uvm//axi_scoreboard.sv(274) @ 415000: uvm_test_top.axi_env_0.axi_scoreboard_0 [SCOREBOARD_R] Reading burst Addr = 0xc
# UVM_INFO /home/users/i77031/Work/AXI_full/uvm//axi_scoreboard.sv(276) @ 415000: uvm_test_top.axi_env_0.axi_scoreboard_0 [SCOREBOARD_R] Item Queue = '{0:3298, 4:36805, 8:43981, 12:25762, 32:39684, 36:4065, 40:55810, 44:52739 }
# UVM_INFO /home/users/i77031/Work/AXI_full/uvm//axi_scoreboard.sv(277) @ 415000: uvm_test_top.axi_env_0.axi_scoreboard_0 [SCOREBOARD_R] Item Queue = 000064a2
# UVM_INFO /home/users/i77031/Work/AXI_full/uvm//axi_scoreboard.sv(131) @ 415000: uvm_test_top.axi_env_0.axi_scoreboard_0 [COMPARISON] DONE_READ
# UVM_INFO /home/users/i77031/Work/AXI_full/uvm//axi_scoreboard.sv(138) @ 415000: uvm_test_top.axi_env_0.axi_scoreboard_0 [COMPARISON] Comparison addr = 0x0
# UVM_INFO /home/users/i77031/Work/AXI_full/uvm//axi_scoreboard.sv(144) @ 415000: uvm_test_top.axi_env_0.axi_scoreboard_0 [COMPARISON] DATA READ BACK SUCCESSFULLY ACT=0xce2 EXP=0xce2
# UVM_INFO /home/users/i77031/Work/AXI_full/uvm//axi_scoreboard.sv(138) @ 415000: uvm_test_top.axi_env_0.axi_scoreboard_0 [COMPARISON] Comparison addr = 0x4
# UVM_INFO /home/users/i77031/Work/AXI_full/uvm//axi_scoreboard.sv(144) @ 415000: uvm_test_top.axi_env_0.axi_scoreboard_0 [COMPARISON] DATA READ BACK SUCCESSFULLY ACT=0x8fc5 EXP=0x8fc5
# UVM_INFO /home/users/i77031/Work/AXI_full/uvm//axi_scoreboard.sv(138) @ 415000: uvm_test_top.axi_env_0.axi_scoreboard_0 [COMPARISON] Comparison addr = 0x8
# UVM_INFO /home/users/i77031/Work/AXI_full/uvm//axi_scoreboard.sv(144) @ 415000: uvm_test_top.axi_env_0.axi_scoreboard_0 [COMPARISON] DATA READ BACK SUCCESSFULLY ACT=0xabcd EXP=0xabcd
# UVM_INFO /home/users/i77031/Work/AXI_full/uvm//axi_scoreboard.sv(138) @ 415000: uvm_test_top.axi_env_0.axi_scoreboard_0 [COMPARISON] Comparison addr = 0xc
# UVM_INFO /home/users/i77031/Work/AXI_full/uvm//axi_scoreboard.sv(144) @ 415000: uvm_test_top.axi_env_0.axi_scoreboard_0 [COMPARISON] DATA READ BACK SUCCESSFULLY ACT=0x64a2 EXP=0x64a2
# UVM_INFO /home/users/i77031/Work/AXI_full/uvm//axi_monitor.sv(61) @ 425000: uvm_test_top.axi_env_0.axi_agent_0.axi_monitor_0 [WRITE_MON] Completed write_in = '{0, 0, 0, 0, 0, 0, 0, 0, 0, 0}
# UVM_INFO /home/users/i77031/Work/AXI_full/uvm//axi_monitor.sv(58) @ 425000: uvm_test_top.axi_env_0.axi_agent_0.axi_monitor_0 [WRITE_MON] 
# mon_w_valid_o        | x
# mon_w_beat_count     | x
# mon_w_data_o         | x
# mon_w_addr_o         | x
# mon_r_last_o         | x
# mon_r_valid_o        | x
# mon_r_data_o         | x
# mon_r_addr_o         | x
# 
# AW.addr              | 24
# AW.id                | 0
# AW.len               | 3
# AW.size              | 2
# AW.burst             | 2
# AW.lock              | 0
# AW.cache             | 0
# AW.prot              | 0
# AW.valid             | 0
# AW.ready             | x
# 
# W.data               | 9b04
# W.strb               | f
# W.last               | 1
# W.valid              | 0
# 
# AR.addr              | 0
# AR.id                | 1
# AR.len               | 3
# AR.size              | 2
# AR.burst             | 2
# AR.lock              | 0
# AR.cache             | 0
# AR.prot              | 0
# AR.valid             | 0
# AR.ready             | x
# 
# B.id                 | x
# B.resp               | x
# B.valid              | x
# B.ready              | 0
# 
# R.id                 | x
# R.data               | x
# R.resp               | x
# R.last               | x
# R.valid              | x
# R.ready              | 1
# 
# UVM_INFO /home/users/i77031/Work/AXI_full/uvm//axi_monitor.sv(108) @ 425000: uvm_test_top.axi_env_0.axi_agent_0.axi_monitor_0 [READ_MON] Completed read_out = '{0, 0, 0, 0, 0, 0, 0, 0, 0, 0}
# UVM_INFO /home/users/i77031/Work/AXI_full/uvm//axi_monitor.sv(229) @ 425000: uvm_test_top.axi_env_0.axi_agent_0.axi_monitor_0 [READ_MON] AR Phase full = '{0, 0, 0, 0, 0, 0, 0, 0, 0, 0}
# UVM_INFO /home/users/i77031/Work/AXI_full/uvm//axi_monitor.sv(230) @ 425000: uvm_test_top.axi_env_0.axi_agent_0.axi_monitor_0 [READ_MON] R Phase full completed = '{0, 0, 0, 0, 0, 0, 0, 0, 0, 0}
# UVM_INFO /home/users/i77031/Work/AXI_full/uvm//axi_monitor.sv(105) @ 425000: uvm_test_top.axi_env_0.axi_agent_0.axi_monitor_0 [READ_MON] 
# mon_w_valid_o        | 0
# mon_w_beat_count     | 0
# mon_w_data_o         | 0
# mon_w_addr_o         | 0
# mon_r_last_o         | 0
# mon_r_valid_o        | 0
# mon_r_data_o         | 0
# mon_r_addr_o         | 0
# 
# AW.addr              | x
# AW.id                | x
# AW.len               | x
# AW.size              | x
# AW.burst             | x
# AW.lock              | x
# AW.cache             | x
# AW.prot              | x
# AW.valid             | x
# AW.ready             | 1
# 
# W.data               | x
# W.strb               | x
# W.last               | x
# W.valid              | x
# 
# AR.addr              | x
# AR.id                | x
# AR.len               | x
# AR.size              | x
# AR.burst             | x
# AR.lock              | x
# AR.cache             | x
# AR.prot              | x
# AR.valid             | x
# AR.ready             | 1
# 
# B.id                 | 0
# B.resp               | 0
# B.valid              | 0
# B.ready              | x
# 
# R.id                 | 1
# R.data               | 64a2
# R.resp               | 0
# R.last               | 1
# R.valid              | 0
# R.ready              | x
# 
# UVM_INFO /home/users/i77031/Work/AXI_full/uvm//axi_monitor.sv(108) @ 435000: uvm_test_top.axi_env_0.axi_agent_0.axi_monitor_0 [READ_MON] Completed read_out = '{0, 0, 0, 0, 0, 0, 0, 0, 0, 0}
# UVM_INFO /home/users/i77031/Work/AXI_full/uvm//axi_monitor.sv(229) @ 435000: uvm_test_top.axi_env_0.axi_agent_0.axi_monitor_0 [READ_MON] AR Phase full = '{0, 0, 0, 0, 0, 0, 0, 0, 0, 0}
# UVM_INFO /home/users/i77031/Work/AXI_full/uvm//axi_monitor.sv(230) @ 435000: uvm_test_top.axi_env_0.axi_agent_0.axi_monitor_0 [READ_MON] R Phase full completed = '{0, 0, 0, 0, 0, 0, 0, 0, 0, 0}
# UVM_INFO /home/users/i77031/Work/AXI_full/uvm//axi_monitor.sv(105) @ 435000: uvm_test_top.axi_env_0.axi_agent_0.axi_monitor_0 [READ_MON] 
# mon_w_valid_o        | 0
# mon_w_beat_count     | 0
# mon_w_data_o         | 0
# mon_w_addr_o         | 0
# mon_r_last_o         | 0
# mon_r_valid_o        | 0
# mon_r_data_o         | 0
# mon_r_addr_o         | 0
# 
# AW.addr              | x
# AW.id                | x
# AW.len               | x
# AW.size              | x
# AW.burst             | x
# AW.lock              | x
# AW.cache             | x
# AW.prot              | x
# AW.valid             | x
# AW.ready             | 1
# 
# W.data               | x
# W.strb               | x
# W.last               | x
# W.valid              | x
# 
# AR.addr              | x
# AR.id                | x
# AR.len               | x
# AR.size              | x
# AR.burst             | x
# AR.lock              | x
# AR.cache             | x
# AR.prot              | x
# AR.valid             | x
# AR.ready             | 1
# 
# B.id                 | 0
# B.resp               | 0
# B.valid              | 0
# B.ready              | x
# 
# R.id                 | 1
# R.data               | 64a2
# R.resp               | 0
# R.last               | 1
# R.valid              | 0
# R.ready              | x
# 
# UVM_INFO /home/users/i77031/Work/AXI_full/uvm//axi_monitor.sv(61) @ 435000: uvm_test_top.axi_env_0.axi_agent_0.axi_monitor_0 [WRITE_MON] Completed write_in = '{0, 0, 0, 0, 0, 0, 0, 0, 0, 0}
# UVM_INFO /home/users/i77031/Work/AXI_full/uvm//axi_monitor.sv(58) @ 435000: uvm_test_top.axi_env_0.axi_agent_0.axi_monitor_0 [WRITE_MON] 
# mon_w_valid_o        | x
# mon_w_beat_count     | x
# mon_w_data_o         | x
# mon_w_addr_o         | x
# mon_r_last_o         | x
# mon_r_valid_o        | x
# mon_r_data_o         | x
# mon_r_addr_o         | x
# 
# AW.addr              | 24
# AW.id                | 0
# AW.len               | 3
# AW.size              | 2
# AW.burst             | 2
# AW.lock              | 0
# AW.cache             | 0
# AW.prot              | 0
# AW.valid             | 0
# AW.ready             | x
# 
# W.data               | 9b04
# W.strb               | f
# W.last               | 1
# W.valid              | 0
# 
# AR.addr              | 0
# AR.id                | 1
# AR.len               | 3
# AR.size              | 2
# AR.burst             | 2
# AR.lock              | 0
# AR.cache             | 0
# AR.prot              | 0
# AR.valid             | 0
# AR.ready             | x
# 
# B.id                 | x
# B.resp               | x
# B.valid              | x
# B.ready              | 0
# 
# R.id                 | x
# R.data               | x
# R.resp               | x
# R.last               | x
# R.valid              | x
# R.ready              | 0
# 
# UVM_INFO verilog_src/uvm-1.1d/src/base/uvm_objection.svh(1267) @ 435000: reporter [TEST_DONE] 'run' phase is ready to proceed to the 'extract' phase
# 
# --- UVM Report Summary ---
# 
# ** Report counts by severity
# UVM_INFO :  514
# UVM_WARNING :    0
# UVM_ERROR :    0
# UVM_FATAL :    0
# ** Report counts by id
# [COMPARISON]    18
# [INPUT_MON]    24
# [MON_ID]     2
# [Questa UVM]     3
# [READ_DRIVER]    16
# [READ_MON]   203
# [READ_SEQ]     2
# [RNTST]     1
# [SCOREBOARD_AR]    12
# [SCOREBOARD_AW]    10
# [SCOREBOARD_R]    56
# [SCOREBOARD_TX_IN]     2
# [SCOREBOARD_TX_OUT]     2
# [SCOREBOARD_W]    40
# [TEST_DONE]     1
# [UVMTOP]     1
# [WRITE_DRIVER]    18
# [WRITE_MON]    99
# [WRITE_SEQ]     4
# ** Note: $finish    : /pkg/modeltech-2024.3/linux/../verilog_src/uvm-1.1d/src/base/uvm_root.svh(430)
#    Time: 435 ns  Iteration: 61  Instance: /axi_full_uvm_tb_top
# End time: 22:22:28 on Jan 28,2026, Elapsed time: 0:00:09
# Errors: 0, Warnings: 5
